Record_ID,Device_ID,Location,Timestamp_UTC,Soil_Moisture_Percent,Soil_pH_Level,Soil_Temperature_DS18B20_C,Air_Temperature_DHT22_C,Air_Humidity_DHT22_Percent,Sunlight_LDR_ADC_12bit,Air_Quality_MQ135_ppm,Soil_Nitrogen_mg_per_kg,Data_Quality_Flag
1,ESP32-FARM-01,Ideal_Growth_Field,01-01-2026 00:00,52.27,6.6,21.97,20.41,73.83,1,198.23,66.93,Valid
2,ESP32-FARM-01,Ideal_Growth_Field,01-01-2026 01:00,53.74,6.65,21.96,20.06,74.65,21,193.3,70.06,Valid
3,ESP32-FARM-01,Ideal_Growth_Field,01-01-2026 02:00,54.47,6.63,22.05,19.6,76.07,10,192.49,66.56,Valid
4,ESP32-FARM-01,Ideal_Growth_Field,01-01-2026 03:00,54.02,6.68,22.09,19.52,73.17,11,193.68,69.05,Valid
5,ESP32-FARM-01,Ideal_Growth_Field,01-01-2026 04:00,53.49,6.68,22.41,19.53,76.82,15,195.75,69.94,Valid
6,ESP32-FARM-01,Ideal_Growth_Field,01-01-2026 05:00,54.31,6.68,22.37,23.34,74.72,150,190.39,67.34,Valid
7,ESP32-FARM-01,Ideal_Growth_Field,01-01-2026 06:00,53.85,6.69,22.91,24.89,71.3,845,201.22,69.56,Valid
8,ESP32-FARM-01,Ideal_Growth_Field,01-01-2026 07:00,55.02,6.63,24.93,26.67,67.91,1648,210.92,67.66,Valid
9,ESP32-FARM-01,Ideal_Growth_Field,01-01-2026 08:00,55.04,6.66,25.48,29.06,63.63,2369,209.66,65.99,Valid
10,ESP32-FARM-01,Ideal_Growth_Field,01-01-2026 09:00,55.06,6.64,26.57,29.43,61.07,2970,213.23,66.31,Valid
11,ESP32-FARM-01,Ideal_Growth_Field,01-01-2026 10:00,55.82,6.68,28.34,31.58,56.44,3423,217.65,66.85,Valid
12,ESP32-FARM-01,Ideal_Growth_Field,01-01-2026 11:00,55.38,6.66,28.13,31.51,56.76,3704,219.4,67.19,Valid
13,ESP32-FARM-01,Ideal_Growth_Field,01-01-2026 12:00,54.42,6.62,28.05,32.73,56.3,3800,221.4,66.42,Valid
14,ESP32-FARM-01,Ideal_Growth_Field,01-01-2026 13:00,55.38,6.68,27.84,31.91,57.91,3704,221.9,67.89,Valid
15,ESP32-FARM-01,Ideal_Growth_Field,01-01-2026 14:00,54.28,6.59,26.6,31.43,60.93,3423,214.89,69.13,Valid
16,ESP32-FARM-01,Ideal_Growth_Field,01-01-2026 15:00,55.5,6.68,26.5,30.41,61.51,2970,212.42,66.3,Valid
17,ESP32-FARM-01,Ideal_Growth_Field,01-01-2026 16:00,55.41,6.62,25.8,28.82,63.42,2369,209.69,65.44,Valid
18,ESP32-FARM-01,Ideal_Growth_Field,01-01-2026 17:00,55.69,6.6,24.58,26.94,67.12,1648,206.59,65.07,Valid
19,ESP32-FARM-01,Ideal_Growth_Field,01-01-2026 18:00,54.35,6.65,23.27,24.75,70.68,845,205.16,69.25,Valid
20,ESP32-FARM-01,Ideal_Growth_Field,01-01-2026 19:00,55.49,6.6,22.06,23.11,73,150,193.04,66.64,Valid
21,ESP32-FARM-01,Ideal_Growth_Field,01-01-2026 20:00,54.68,6.61,21.95,20.66,75.22,22,195.45,66.3,Valid
22,ESP32-FARM-01,Ideal_Growth_Field,01-01-2026 21:00,53.92,6.67,21.89,20.23,74.79,24,191.99,69.62,Valid
23,ESP32-FARM-01,Ideal_Growth_Field,01-01-2026 22:00,54.34,6.72,21.69,20.22,74.74,24,204.44,68.14,Valid
24,ESP32-FARM-01,Ideal_Growth_Field,01-01-2026 23:00,52.39,6.73,22.51,20.19,73.63,10,195.44,67.82,Valid
25,ESP32-FARM-01,Ideal_Growth_Field,02-01-2026 00:00,52.6,6.67,21.91,19.57,74.81,8,197.86,68.48,Valid
26,ESP32-FARM-01,Ideal_Growth_Field,02-01-2026 01:00,52.11,6.59,22.21,20.15,78.68,5,193.67,67.61,Valid
27,ESP32-FARM-01,Ideal_Growth_Field,02-01-2026 02:00,54.36,6.58,22.04,19.68,73.83,18,194.39,69.44,Valid
28,ESP32-FARM-01,Ideal_Growth_Field,02-01-2026 03:00,52.51,6.72,21.9,20.11,74.91,24,194.03,67.75,Valid
29,ESP32-FARM-01,Ideal_Growth_Field,02-01-2026 04:00,54.11,6.69,22.11,20.11,75.41,22,196.52,71.85,Valid
30,ESP32-FARM-01,Ideal_Growth_Field,02-01-2026 05:00,54.52,6.66,21.8,23.09,73.86,150,195.52,66.28,Valid
31,ESP32-FARM-01,Ideal_Growth_Field,02-01-2026 06:00,53.19,6.66,23.58,25.79,71.5,845,202.07,70.59,Valid
32,ESP32-FARM-01,Ideal_Growth_Field,02-01-2026 07:00,54.29,6.65,24.14,27.14,68.47,1648,205.56,67.57,Valid
33,ESP32-FARM-01,Ideal_Growth_Field,02-01-2026 08:00,55.22,6.68,25.61,28.49,65.34,2369,209.52,68.21,Valid
34,ESP32-FARM-01,Ideal_Growth_Field,02-01-2026 09:00,54.26,6.57,27.02,29.09,60.2,2970,217.46,66.06,Valid
35,ESP32-FARM-01,Ideal_Growth_Field,02-01-2026 10:00,54.31,6.71,27.02,31.65,58.74,3423,218.07,67.87,Valid
36,ESP32-FARM-01,Ideal_Growth_Field,02-01-2026 11:00,55.44,6.71,27.66,31.84,57.24,3704,219.63,70.38,Valid
37,ESP32-FARM-01,Ideal_Growth_Field,02-01-2026 12:00,56.05,6.57,28.21,32.44,55.18,3800,218.3,68.68,Valid
38,ESP32-FARM-01,Ideal_Growth_Field,02-01-2026 13:00,54.21,6.64,27.74,31.42,57.44,3704,217.85,67.77,Valid
39,ESP32-FARM-01,Ideal_Growth_Field,02-01-2026 14:00,54.39,6.66,27.13,31.05,57.82,3423,214.09,69.83,Valid
40,ESP32-FARM-01,Ideal_Growth_Field,02-01-2026 15:00,54.47,6.62,26.58,29.63,63.04,2970,215.6,68.08,Valid
41,ESP32-FARM-01,Ideal_Growth_Field,02-01-2026 16:00,54.95,6.7,25.85,28.2,63.86,2369,202.87,67.55,Valid
42,ESP32-FARM-01,Ideal_Growth_Field,02-01-2026 17:00,53.61,6.61,25.16,26.62,67.66,1648,204.99,69.36,Valid
43,ESP32-FARM-01,Ideal_Growth_Field,02-01-2026 18:00,54.56,6.69,23.58,25.41,70.1,845,200.79,68.82,Valid
44,ESP32-FARM-01,Ideal_Growth_Field,02-01-2026 19:00,54.85,6.62,21.96,23.36,73.24,150,193.02,67.68,Valid
45,ESP32-FARM-01,Ideal_Growth_Field,02-01-2026 20:00,55.44,6.66,22.13,19.78,76.7,18,196.71,68.96,Valid
46,ESP32-FARM-01,Ideal_Growth_Field,02-01-2026 21:00,55.88,6.67,22.48,19.7,74.77,11,196.71,67.5,Valid
47,ESP32-FARM-01,Ideal_Growth_Field,02-01-2026 22:00,54.28,6.61,22.48,20.66,77.25,22,194.04,68.47,Valid
48,ESP32-FARM-01,Ideal_Growth_Field,02-01-2026 23:00,52.55,6.68,22.18,19.72,76.45,10,193.16,66.93,Valid
49,ESP32-FARM-01,Ideal_Growth_Field,03-01-2026 00:00,53.11,6.67,21.55,20.2,74.95,5,196.9,65.49,Valid
50,ESP32-FARM-01,Ideal_Growth_Field,03-01-2026 01:00,52.28,6.69,22.33,19.5,75.6,15,194.35,67.43,Valid
51,ESP32-FARM-01,Ideal_Growth_Field,03-01-2026 02:00,51.45,6.55,21.92,20.1,74.13,19,194.67,69.31,Valid
52,ESP32-FARM-01,Ideal_Growth_Field,03-01-2026 03:00,53.44,6.67,21.83,19.43,73.66,9,190.42,65.08,Valid
53,ESP32-FARM-01,Ideal_Growth_Field,03-01-2026 04:00,53.14,6.62,22.2,20.17,75.43,15,191.28,67.72,Valid
54,ESP32-FARM-01,Ideal_Growth_Field,03-01-2026 05:00,54.45,6.68,22.27,23.47,72.63,150,196.98,66.17,Valid
55,ESP32-FARM-01,Ideal_Growth_Field,03-01-2026 06:00,54.99,6.62,23.97,24.45,72.32,845,196.11,67.79,Valid
56,ESP32-FARM-01,Ideal_Growth_Field,03-01-2026 07:00,54.29,6.75,25.11,25.84,67.79,1648,203.15,66.09,Valid
57,ESP32-FARM-01,Ideal_Growth_Field,03-01-2026 08:00,55.49,6.65,25.61,28.68,64.53,2369,212.73,69.42,Valid
58,ESP32-FARM-01,Ideal_Growth_Field,03-01-2026 09:00,54.22,6.65,26.21,29.62,61.38,2970,212.64,68.96,Valid
59,ESP32-FARM-01,Ideal_Growth_Field,03-01-2026 10:00,56.89,6.61,27.85,31.07,58.57,3423,218.55,66.69,Valid
60,ESP32-FARM-01,Ideal_Growth_Field,03-01-2026 11:00,54.18,6.62,27.61,31.89,56.69,3704,222.45,69.42,Valid
61,ESP32-FARM-01,Ideal_Growth_Field,03-01-2026 12:00,54.82,6.61,28.14,31.86,58.68,3800,219.02,68.65,Valid
62,ESP32-FARM-01,Ideal_Growth_Field,03-01-2026 13:00,55.33,6.66,28.12,31.67,57.91,3704,217.56,67.35,Valid
63,ESP32-FARM-01,Ideal_Growth_Field,03-01-2026 14:00,55.7,6.64,27.88,30.97,56.97,3423,222.86,69.56,Valid
64,ESP32-FARM-01,Ideal_Growth_Field,03-01-2026 15:00,54.55,6.63,26.18,30.2,61.05,2970,216.67,68.68,Valid
65,ESP32-FARM-01,Ideal_Growth_Field,03-01-2026 16:00,54.34,6.62,25.21,28.49,64.03,2369,211.97,68.11,Valid
66,ESP32-FARM-01,Ideal_Growth_Field,03-01-2026 17:00,55.16,6.63,24.64,26.2,67.16,1648,206.89,65.06,Valid
67,ESP32-FARM-01,Ideal_Growth_Field,03-01-2026 18:00,54.98,6.64,22.91,25.91,72.56,845,198.23,66.51,Valid
68,ESP32-FARM-01,Ideal_Growth_Field,03-01-2026 19:00,54.41,6.67,22.84,23.1,75.03,150,196.72,69.47,Valid
69,ESP32-FARM-01,Ideal_Growth_Field,03-01-2026 20:00,53.99,6.66,21.94,20,76.16,1,191.59,67.34,Valid
70,ESP32-FARM-01,Ideal_Growth_Field,03-01-2026 21:00,54.2,6.62,21.73,20.31,76.26,18,194.83,67.54,Valid
71,ESP32-FARM-01,Ideal_Growth_Field,03-01-2026 22:00,54.27,6.64,21.92,20.09,73.8,9,193.39,66.32,Valid
72,ESP32-FARM-01,Ideal_Growth_Field,03-01-2026 23:00,52.34,6.72,21.59,20.04,74.78,0,196.5,68.31,Valid
73,ESP32-FARM-01,Ideal_Growth_Field,04-01-2026 00:00,52.4,6.66,22,20.48,74.54,24,192.35,66.11,Valid
74,ESP32-FARM-01,Ideal_Growth_Field,04-01-2026 01:00,53.18,6.61,22.09,19.99,73.59,10,192.66,67.01,Valid
75,ESP32-FARM-01,Ideal_Growth_Field,04-01-2026 02:00,53.65,6.76,21.94,19.68,73.29,0,194.43,70.51,Valid
76,ESP32-FARM-01,Ideal_Growth_Field,04-01-2026 03:00,52.75,6.65,22.1,19.39,75.86,17,195.94,67.77,Valid
77,ESP32-FARM-01,Ideal_Growth_Field,04-01-2026 04:00,53.35,6.7,21.96,19.27,76.67,10,195.81,71.92,Valid
78,ESP32-FARM-01,Ideal_Growth_Field,04-01-2026 05:00,55.14,6.62,22.11,22.92,74.08,150,191.73,64.23,Valid
79,ESP32-FARM-01,Ideal_Growth_Field,04-01-2026 06:00,55.21,6.59,23.09,24.38,71.01,845,200.02,65.75,Valid
80,ESP32-FARM-01,Ideal_Growth_Field,04-01-2026 07:00,52.84,6.68,24.42,26.8,66.16,1648,203.37,67.04,Valid
81,ESP32-FARM-01,Ideal_Growth_Field,04-01-2026 08:00,55.38,6.65,26.07,28.32,62.98,2369,206.98,68,Valid
82,ESP32-FARM-01,Ideal_Growth_Field,04-01-2026 09:00,54.75,6.61,26.44,29.79,57.96,2970,212.94,69.17,Valid
83,ESP32-FARM-01,Ideal_Growth_Field,04-01-2026 10:00,54.86,6.66,27.47,31.46,56.33,3423,215.48,68.11,Valid
84,ESP32-FARM-01,Ideal_Growth_Field,04-01-2026 11:00,53.78,6.62,28.02,30.86,56.83,3704,216.61,68.02,Valid
85,ESP32-FARM-01,Ideal_Growth_Field,04-01-2026 12:00,54.4,6.68,28.55,32.38,56.24,3800,221.16,65.99,Valid
86,ESP32-FARM-01,Ideal_Growth_Field,04-01-2026 13:00,53.71,6.63,27.47,31.33,57.32,3704,214.28,67.51,Valid
87,ESP32-FARM-01,Ideal_Growth_Field,04-01-2026 14:00,53.44,6.63,27.67,30.84,59.2,3423,219.24,71.67,Valid
88,ESP32-FARM-01,Ideal_Growth_Field,04-01-2026 15:00,56.72,6.63,26.45,29.98,60.95,2970,215.57,69.04,Valid
89,ESP32-FARM-01,Ideal_Growth_Field,04-01-2026 16:00,54.69,6.67,25.29,28.01,61.85,2369,207.56,70.48,Valid
90,ESP32-FARM-01,Ideal_Growth_Field,04-01-2026 17:00,53.7,6.62,24.47,26.53,67.28,1648,204.72,65.5,Valid
91,ESP32-FARM-01,Ideal_Growth_Field,04-01-2026 18:00,53.5,6.59,23.55,24.86,69.46,845,196.89,68.16,Valid
92,ESP32-FARM-01,Ideal_Growth_Field,04-01-2026 19:00,54.86,6.63,22.35,23.78,72.5,150,197.31,68.5,Valid
93,ESP32-FARM-01,Ideal_Growth_Field,04-01-2026 20:00,53.9,6.67,21.88,20.26,74.89,9,194.81,66.67,Valid
94,ESP32-FARM-01,Ideal_Growth_Field,04-01-2026 21:00,53.48,6.6,22.04,19.19,75.89,17,190.39,64.68,Valid
95,ESP32-FARM-01,Ideal_Growth_Field,04-01-2026 22:00,53.17,6.67,21.57,20.3,76.09,22,192.89,66.28,Valid
96,ESP32-FARM-01,Ideal_Growth_Field,04-01-2026 23:00,54.56,6.64,21.61,19.51,75.29,24,201.05,66.68,Valid
97,ESP32-FARM-01,Ideal_Growth_Field,05-01-2026 00:00,53.11,6.68,22,20.26,75.2,13,198.87,66.83,Valid
98,ESP32-FARM-01,Ideal_Growth_Field,05-01-2026 01:00,52.44,6.62,22.26,20.01,76.1,22,191.22,66.39,Valid
99,ESP32-FARM-01,Ideal_Growth_Field,05-01-2026 02:00,51.63,6.7,22.4,20.48,75.46,0,196.2,67.48,Valid
100,ESP32-FARM-01,Ideal_Growth_Field,05-01-2026 03:00,53.27,6.59,21.85,20.47,76.8,24,191.08,68.66,Valid
101,ESP32-FARM-01,Ideal_Growth_Field,05-01-2026 04:00,55.14,6.67,22.15,19.63,76.08,17,200.86,67.23,Valid
102,ESP32-FARM-01,Ideal_Growth_Field,05-01-2026 05:00,54.41,6.66,22.15,23.64,73.8,150,197.1,69.67,Valid
103,ESP32-FARM-01,Ideal_Growth_Field,05-01-2026 06:00,55.81,6.69,23.18,25.04,70.96,845,201.97,69.34,Valid
104,ESP32-FARM-01,Ideal_Growth_Field,05-01-2026 07:00,53.26,6.67,24.44,27.06,66.71,1648,206.85,67.42,Valid
105,ESP32-FARM-01,Ideal_Growth_Field,05-01-2026 08:00,55.48,6.68,25.89,27.82,65.26,2369,212.46,67.28,Valid
106,ESP32-FARM-01,Ideal_Growth_Field,05-01-2026 09:00,55.95,6.62,26.45,30.53,58.66,2970,213.58,65.92,Valid
107,ESP32-FARM-01,Ideal_Growth_Field,05-01-2026 10:00,54.88,6.65,27.19,30.86,58.79,3423,215.76,68.43,Valid
108,ESP32-FARM-01,Ideal_Growth_Field,05-01-2026 11:00,54.42,6.63,27.73,31.96,58.94,3704,221.89,68.81,Valid
109,ESP32-FARM-01,Ideal_Growth_Field,05-01-2026 12:00,55.18,6.63,28.45,32.54,57.17,3800,218.93,67.81,Valid
110,ESP32-FARM-01,Ideal_Growth_Field,05-01-2026 13:00,55.58,6.65,27.84,30.82,57.9,3704,220.43,66.21,Valid
111,ESP32-FARM-01,Ideal_Growth_Field,05-01-2026 14:00,54.31,6.7,27.34,31.68,57.85,3423,216.09,69.12,Valid
112,ESP32-FARM-01,Ideal_Growth_Field,05-01-2026 15:00,56.05,6.63,26.74,30.02,59.46,2970,214.18,66.08,Valid
113,ESP32-FARM-01,Ideal_Growth_Field,05-01-2026 16:00,54.91,6.64,26.07,28.65,63.55,2369,207.49,70.77,Valid
114,ESP32-FARM-01,Ideal_Growth_Field,05-01-2026 17:00,54.34,6.73,24.45,27.35,68.68,1648,208.92,64.56,Valid
115,ESP32-FARM-01,Ideal_Growth_Field,05-01-2026 18:00,54.64,6.61,23.56,24.84,70.92,845,200.41,67.12,Valid
116,ESP32-FARM-01,Ideal_Growth_Field,05-01-2026 19:00,55.6,6.69,22.26,23.08,75.72,150,196.61,67.21,Valid
117,ESP32-FARM-01,Ideal_Growth_Field,05-01-2026 20:00,54.38,6.67,22.03,19.53,74.37,9,191.24,68.6,Valid
118,ESP32-FARM-01,Ideal_Growth_Field,05-01-2026 21:00,51.77,6.62,21.44,19.71,74.07,24,197.04,69.28,Valid
119,ESP32-FARM-01,Ideal_Growth_Field,05-01-2026 22:00,54.09,6.63,22.45,20.53,75.1,8,193.68,69.45,Valid
120,ESP32-FARM-01,Ideal_Growth_Field,05-01-2026 23:00,53.73,6.67,21.82,19.98,74.59,14,196.95,68.87,Valid
121,ESP32-FARM-01,Ideal_Growth_Field,06-01-2026 00:00,53.08,6.65,22.07,20.01,76.39,14,195.05,66,Valid
122,ESP32-FARM-01,Ideal_Growth_Field,06-01-2026 01:00,52.18,6.61,22,20.1,72.97,12,200.14,67.2,Valid
123,ESP32-FARM-01,Ideal_Growth_Field,06-01-2026 02:00,52.08,6.59,22.55,20.12,75.4,21,195.09,68.09,Valid
124,ESP32-FARM-01,Ideal_Growth_Field,06-01-2026 03:00,53.46,6.63,21.98,20.33,76.42,0,191.65,67.15,Valid
125,ESP32-FARM-01,Ideal_Growth_Field,06-01-2026 04:00,54.38,6.68,21.88,20.24,74.34,21,194.4,70.08,Valid
126,ESP32-FARM-01,Ideal_Growth_Field,06-01-2026 05:00,54.62,6.71,21.48,23.18,74.63,150,197.6,66.88,Valid
127,ESP32-FARM-01,Ideal_Growth_Field,06-01-2026 06:00,53.5,6.67,23.09,25.38,71.19,845,198.02,66.88,Valid
128,ESP32-FARM-01,Ideal_Growth_Field,06-01-2026 07:00,54.03,6.67,24.94,27.31,68.07,1648,211.83,67.62,Valid
129,ESP32-FARM-01,Ideal_Growth_Field,06-01-2026 08:00,53.55,6.67,25.92,28.37,64.6,2369,213.19,65.98,Valid
130,ESP32-FARM-01,Ideal_Growth_Field,06-01-2026 09:00,54.8,6.67,26.71,29.34,60.1,2970,211.45,70.27,Valid
131,ESP32-FARM-01,Ideal_Growth_Field,06-01-2026 10:00,54.48,6.66,27.28,31.83,59.37,3423,217.86,68.27,Valid
132,ESP32-FARM-01,Ideal_Growth_Field,06-01-2026 11:00,54.1,6.61,27.66,31.52,57.46,3704,214.96,69.16,Valid
133,ESP32-FARM-01,Ideal_Growth_Field,06-01-2026 12:00,55.36,6.63,28.02,31.41,56.55,3800,222.18,67.4,Valid
134,ESP32-FARM-01,Ideal_Growth_Field,06-01-2026 13:00,54.54,6.64,27.5,31.63,56.72,3704,219.52,70.44,Valid
135,ESP32-FARM-01,Ideal_Growth_Field,06-01-2026 14:00,55.48,6.68,27.13,30.44,58.07,3423,216.26,66.77,Valid
136,ESP32-FARM-01,Ideal_Growth_Field,06-01-2026 15:00,54.35,6.65,26.18,30.37,60.92,2970,211.67,71.82,Valid
137,ESP32-FARM-01,Ideal_Growth_Field,06-01-2026 16:00,54.97,6.61,25.77,28.21,63.49,2369,208.9,68.33,Valid
138,ESP32-FARM-01,Ideal_Growth_Field,06-01-2026 17:00,54.51,6.65,24.61,27.13,67.9,1648,204.59,65.95,Valid
139,ESP32-FARM-01,Ideal_Growth_Field,06-01-2026 18:00,54.32,6.68,23.16,24.54,71.62,845,199.23,67.07,Valid
140,ESP32-FARM-01,Ideal_Growth_Field,06-01-2026 19:00,53.92,6.65,21.74,23.8,73.58,150,200.62,68.14,Valid
141,ESP32-FARM-01,Ideal_Growth_Field,06-01-2026 20:00,54.66,6.65,22.55,19.47,76.51,5,199.21,66.1,Valid
142,ESP32-FARM-01,Ideal_Growth_Field,06-01-2026 21:00,54.86,6.6,22.09,20.53,74,23,196.78,70.5,Valid
143,ESP32-FARM-01,Ideal_Growth_Field,06-01-2026 22:00,54.48,6.57,21.94,19.58,74.66,9,191.96,67.44,Valid
144,ESP32-FARM-01,Ideal_Growth_Field,06-01-2026 23:00,53.49,6.66,21.86,20.35,75.84,10,200.12,67.1,Valid
145,ESP32-FARM-01,Ideal_Growth_Field,07-01-2026 00:00,53.29,6.67,22.73,20.45,75.85,16,191.78,67.59,Valid
146,ESP32-FARM-01,Ideal_Growth_Field,07-01-2026 01:00,51.51,6.66,22.32,20.02,76.17,0,195.8,67.44,Valid
147,ESP32-FARM-01,Ideal_Growth_Field,07-01-2026 02:00,54.11,6.67,22.28,19.94,73.22,9,186.25,67.58,Valid
148,ESP32-FARM-01,Ideal_Growth_Field,07-01-2026 03:00,52.83,6.64,22.46,20.2,74.07,15,199.5,69.06,Valid
149,ESP32-FARM-01,Ideal_Growth_Field,07-01-2026 04:00,52.46,6.68,22.33,20.22,74.58,3,192.18,67.28,Valid
150,ESP32-FARM-01,Ideal_Growth_Field,07-01-2026 05:00,53.84,6.75,22.26,23.6,76.34,150,195.3,68.44,Valid
151,ESP32-FARM-01,Ideal_Growth_Field,07-01-2026 06:00,52.56,6.65,22.99,24.78,70.51,845,191.23,68.41,Valid
152,ESP32-FARM-01,Ideal_Growth_Field,07-01-2026 07:00,54.6,6.64,24.65,26.61,66.05,1648,205.37,70.14,Valid
153,ESP32-FARM-01,Ideal_Growth_Field,07-01-2026 08:00,55.02,6.59,25.37,29,65.87,2369,204.79,68.1,Valid
154,ESP32-FARM-01,Ideal_Growth_Field,07-01-2026 09:00,56.54,6.65,26.89,29.87,61.3,2970,212.69,68.95,Valid
155,ESP32-FARM-01,Ideal_Growth_Field,07-01-2026 10:00,56.15,6.7,27.46,31.49,59.87,3423,220.75,68.8,Valid
156,ESP32-FARM-01,Ideal_Growth_Field,07-01-2026 11:00,55.73,6.7,27.37,31.23,57.82,3704,217.3,66.68,Valid
157,ESP32-FARM-01,Ideal_Growth_Field,07-01-2026 12:00,54.7,6.67,27.99,31.8,56.05,3800,219.02,69.58,Valid
158,ESP32-FARM-01,Ideal_Growth_Field,07-01-2026 13:00,54.13,6.64,28.05,31.9,57.49,3704,225.53,67.6,Valid
159,ESP32-FARM-01,Ideal_Growth_Field,07-01-2026 14:00,55.01,6.65,27.3,31.85,59.52,3423,214.99,67.4,Valid
160,ESP32-FARM-01,Ideal_Growth_Field,07-01-2026 15:00,55.45,6.69,27.33,30.29,61.28,2970,213.09,68.43,Valid
161,ESP32-FARM-01,Ideal_Growth_Field,07-01-2026 16:00,55.83,6.69,25.73,28.4,62.33,2369,207.61,65.43,Valid
162,ESP32-FARM-01,Ideal_Growth_Field,07-01-2026 17:00,55.33,6.7,24.19,27.33,66.86,1648,205.57,68.71,Valid
163,ESP32-FARM-01,Ideal_Growth_Field,07-01-2026 18:00,55.28,6.69,23.36,25.15,69.55,845,203.46,68.1,Valid
164,ESP32-FARM-01,Ideal_Growth_Field,07-01-2026 19:00,54.65,6.61,22.16,23.29,74.57,150,190.94,68.48,Valid
165,ESP32-FARM-01,Ideal_Growth_Field,07-01-2026 20:00,54.49,6.65,22.17,20.12,74.38,0,193.65,67.44,Valid
166,ESP32-FARM-01,Ideal_Growth_Field,07-01-2026 21:00,54.59,6.61,22.25,19.85,75.37,1,194.92,68.97,Valid
167,ESP32-FARM-01,Ideal_Growth_Field,07-01-2026 22:00,53.57,6.67,21.75,20.45,75.61,8,193.91,68.89,Valid
168,ESP32-FARM-01,Ideal_Growth_Field,07-01-2026 23:00,52.64,6.62,22.63,19.38,76.48,23,193.47,66.44,Valid
169,ESP32-FARM-01,Ideal_Growth_Field,08-01-2026 00:00,52.52,6.65,21.75,20.18,74.44,2,195.03,64.29,Valid
170,ESP32-FARM-01,Ideal_Growth_Field,08-01-2026 01:00,53.29,6.68,21.95,20.35,74.56,24,187.93,68.79,Valid
171,ESP32-FARM-01,Ideal_Growth_Field,08-01-2026 02:00,52.3,6.67,22.17,20.27,74.12,2,191.95,65.09,Valid
172,ESP32-FARM-01,Ideal_Growth_Field,08-01-2026 03:00,54.42,6.67,21.97,19.7,74.59,5,194.82,68.72,Valid
173,ESP32-FARM-01,Ideal_Growth_Field,08-01-2026 04:00,54.29,6.69,21.72,20.09,75.21,18,195.21,69.22,Valid
174,ESP32-FARM-01,Ideal_Growth_Field,08-01-2026 05:00,51.81,6.65,22.46,23.48,72.23,150,192.48,65.13,Valid
175,ESP32-FARM-01,Ideal_Growth_Field,08-01-2026 06:00,53.97,6.58,23.4,24.67,69.26,845,195.33,66.59,Valid
176,ESP32-FARM-01,Ideal_Growth_Field,08-01-2026 07:00,55.31,6.66,24.81,27.45,66.76,1648,204.95,68.71,Valid
177,ESP32-FARM-01,Ideal_Growth_Field,08-01-2026 08:00,53.91,6.63,25.28,28.98,64.81,2369,215.16,68.79,Valid
178,ESP32-FARM-01,Ideal_Growth_Field,08-01-2026 09:00,55.03,6.67,26.9,29.63,61.04,2970,215.23,68.53,Valid
179,ESP32-FARM-01,Ideal_Growth_Field,08-01-2026 10:00,55.25,6.67,27.47,30.66,59.77,3423,220.19,69.67,Valid
180,ESP32-FARM-01,Ideal_Growth_Field,08-01-2026 11:00,54.2,6.71,27.21,30.8,59.76,3704,220.79,69.62,Valid
181,ESP32-FARM-01,Ideal_Growth_Field,08-01-2026 12:00,54.67,6.63,28.47,32.55,56.47,3800,219.1,66.66,Valid
182,ESP32-FARM-01,Ideal_Growth_Field,08-01-2026 13:00,54.23,6.61,27.78,31.55,56.14,3704,221.64,68.29,Valid
183,ESP32-FARM-01,Ideal_Growth_Field,08-01-2026 14:00,55.32,6.71,27.26,30.67,61.59,3423,215.99,64.23,Valid
184,ESP32-FARM-01,Ideal_Growth_Field,08-01-2026 15:00,53.73,6.7,26.94,30.6,64.35,2970,215.05,68.76,Valid
185,ESP32-FARM-01,Ideal_Growth_Field,08-01-2026 16:00,54.48,6.66,25.51,28.3,61.9,2369,205.84,65.79,Valid
186,ESP32-FARM-01,Ideal_Growth_Field,08-01-2026 17:00,54.23,6.65,24.72,26.81,67.78,1648,206.65,67.53,Valid
187,ESP32-FARM-01,Ideal_Growth_Field,08-01-2026 18:00,54.47,6.66,23.35,24.23,71.09,845,201.21,68.09,Valid
188,ESP32-FARM-01,Ideal_Growth_Field,08-01-2026 19:00,53.94,6.6,22.32,23.87,73.29,150,199.11,68.43,Valid
189,ESP32-FARM-01,Ideal_Growth_Field,08-01-2026 20:00,54.42,6.62,21.86,20.28,74.25,24,198.5,67.95,Valid
190,ESP32-FARM-01,Ideal_Growth_Field,08-01-2026 21:00,55.39,6.63,21.82,20.58,74.03,9,193.93,69.11,Valid
191,ESP32-FARM-01,Ideal_Growth_Field,08-01-2026 22:00,54.25,6.64,22.4,18.98,73.66,1,197.92,69.3,Valid
192,ESP32-FARM-01,Ideal_Growth_Field,08-01-2026 23:00,52.32,6.65,21.95,20.19,75.03,21,194.07,68.48,Valid
193,ESP32-FARM-01,Ideal_Growth_Field,09-01-2026 00:00,53.08,6.64,22.55,20.11,73.86,3,197.95,69.3,Valid
194,ESP32-FARM-01,Ideal_Growth_Field,09-01-2026 01:00,52.06,6.61,22.36,19.63,74.84,19,191.62,68.89,Valid
195,ESP32-FARM-01,Ideal_Growth_Field,09-01-2026 02:00,51.88,6.67,22.11,20.04,76.65,16,198.21,63.21,Valid
196,ESP32-FARM-01,Ideal_Growth_Field,09-01-2026 03:00,52.98,6.65,22.1,20.22,74.56,2,193.85,69.48,Valid
197,ESP32-FARM-01,Ideal_Growth_Field,09-01-2026 04:00,54.34,6.7,21.79,19.55,75.36,18,190.66,65.93,Valid
198,ESP32-FARM-01,Ideal_Growth_Field,09-01-2026 05:00,55.47,6.65,22.04,22.72,73.99,150,189.33,68.01,Valid
199,ESP32-FARM-01,Ideal_Growth_Field,09-01-2026 06:00,53.02,6.62,23.22,24.94,72.07,845,203.23,67.36,Valid
200,ESP32-FARM-01,Ideal_Growth_Field,09-01-2026 07:00,54.2,6.67,24.11,26.86,65.84,1648,207.18,70.05,Valid
201,ESP32-FARM-01,Ideal_Growth_Field,09-01-2026 08:00,53.33,6.67,25.9,28.26,66.68,2369,214.96,68.07,Valid
202,ESP32-FARM-01,Ideal_Growth_Field,09-01-2026 09:00,56.65,6.7,26.4,30.46,61.16,2970,217.07,69.29,Valid
203,ESP32-FARM-01,Ideal_Growth_Field,09-01-2026 10:00,56.11,6.68,27.42,31.34,60.58,3423,219.38,68.95,Valid
204,ESP32-FARM-01,Ideal_Growth_Field,09-01-2026 11:00,54.22,6.57,28.06,31.99,58.73,3704,222.62,69.78,Valid
205,ESP32-FARM-01,Ideal_Growth_Field,09-01-2026 12:00,54.61,6.63,27.93,31.52,56.98,3800,218.25,65.95,Valid
206,ESP32-FARM-01,Ideal_Growth_Field,09-01-2026 13:00,55.37,6.57,28.14,31.84,56.9,3704,218.52,67.36,Valid
207,ESP32-FARM-01,Ideal_Growth_Field,09-01-2026 14:00,54.3,6.62,27.32,31.42,59.4,3423,214.4,66.98,Valid
208,ESP32-FARM-01,Ideal_Growth_Field,09-01-2026 15:00,55.92,6.68,26.14,30.37,61.25,2970,215.31,65.69,Valid
209,ESP32-FARM-01,Ideal_Growth_Field,09-01-2026 16:00,54.69,6.75,25.15,28.5,62.11,2369,209.17,65.71,Valid
210,ESP32-FARM-01,Ideal_Growth_Field,09-01-2026 17:00,53.98,6.62,24.58,26.81,66.47,1648,205.87,68.62,Valid
211,ESP32-FARM-01,Ideal_Growth_Field,09-01-2026 18:00,53.39,6.69,23.82,24.96,71.29,845,199.76,67.8,Valid
212,ESP32-FARM-01,Ideal_Growth_Field,09-01-2026 19:00,54.36,6.61,23.29,24.23,74.87,150,192.74,66.94,Valid
213,ESP32-FARM-01,Ideal_Growth_Field,09-01-2026 20:00,54.48,6.61,22.37,19.91,74.29,21,195.26,69.45,Valid
214,ESP32-FARM-01,Ideal_Growth_Field,09-01-2026 21:00,53.52,6.67,21.85,20.11,73.61,3,198.59,66.13,Valid
215,ESP32-FARM-01,Ideal_Growth_Field,09-01-2026 22:00,54.57,6.63,22.17,19.98,74.19,12,199.51,70.56,Valid
216,ESP32-FARM-01,Ideal_Growth_Field,09-01-2026 23:00,53.79,6.65,22.21,19.8,75.66,11,195.92,65.4,Valid
217,ESP32-FARM-01,Ideal_Growth_Field,10-01-2026 00:00,52.85,6.68,22.11,19.68,76.27,15,190.02,68.34,Valid
218,ESP32-FARM-01,Ideal_Growth_Field,10-01-2026 01:00,51.51,6.62,21.52,19.94,74.6,9,193.2,66.61,Valid
219,ESP32-FARM-01,Ideal_Growth_Field,10-01-2026 02:00,52.48,6.67,21.84,20.02,73.84,18,197.98,68.63,Valid
220,ESP32-FARM-01,Ideal_Growth_Field,10-01-2026 03:00,54.46,6.66,21.77,20.37,74.23,18,185.73,66.36,Valid
221,ESP32-FARM-01,Ideal_Growth_Field,10-01-2026 04:00,53.93,6.63,22.03,19.42,75.86,16,199.6,68.28,Valid
222,ESP32-FARM-01,Ideal_Growth_Field,10-01-2026 05:00,54.46,6.66,22.03,24.05,72.84,150,195.52,66.87,Valid
223,ESP32-FARM-01,Ideal_Growth_Field,10-01-2026 06:00,53.95,6.62,23.57,25.66,71.7,845,195.21,68.9,Valid
224,ESP32-FARM-01,Ideal_Growth_Field,10-01-2026 07:00,54.25,6.64,24.92,26.88,67.45,1648,205.74,69.56,Valid
225,ESP32-FARM-01,Ideal_Growth_Field,10-01-2026 08:00,55.56,6.56,25.71,28.21,63.31,2369,209.73,67.44,Valid
226,ESP32-FARM-01,Ideal_Growth_Field,10-01-2026 09:00,54.43,6.61,26.83,30.13,60.1,2970,216.16,69.39,Valid
227,ESP32-FARM-01,Ideal_Growth_Field,10-01-2026 10:00,54.06,6.63,27.03,31.13,58.68,3423,213.02,67.59,Valid
228,ESP32-FARM-01,Ideal_Growth_Field,10-01-2026 11:00,55.32,6.67,27.55,31.34,56.9,3704,220.61,67.19,Valid
229,ESP32-FARM-01,Ideal_Growth_Field,10-01-2026 12:00,55.72,6.67,27.81,32.15,56.94,3800,220.55,67.56,Valid
230,ESP32-FARM-01,Ideal_Growth_Field,10-01-2026 13:00,54.85,6.68,27.76,31.45,56.36,3704,219.24,69.56,Valid
231,ESP32-FARM-01,Ideal_Growth_Field,10-01-2026 14:00,54.59,6.6,27.13,31.3,59.23,3423,216.56,66.2,Valid
232,ESP32-FARM-01,Ideal_Growth_Field,10-01-2026 15:00,55.65,6.6,26.98,30.67,61.15,2970,218.21,68.74,Valid
233,ESP32-FARM-01,Ideal_Growth_Field,10-01-2026 16:00,55.85,6.63,25.95,29.14,63.41,2369,208.27,70.84,Valid
234,ESP32-FARM-01,Ideal_Growth_Field,10-01-2026 17:00,53.76,6.67,24.39,26.75,70.34,1648,205.72,66.94,Valid
235,ESP32-FARM-01,Ideal_Growth_Field,10-01-2026 18:00,54.08,6.59,23.82,25.16,68.71,845,195.12,67.82,Valid
236,ESP32-FARM-01,Ideal_Growth_Field,10-01-2026 19:00,55.35,6.62,22.26,23.97,73.64,150,198.5,65.99,Valid
237,ESP32-FARM-01,Ideal_Growth_Field,10-01-2026 20:00,53.77,6.65,21.4,20.15,73.06,4,192.68,69.11,Valid
238,ESP32-FARM-01,Ideal_Growth_Field,10-01-2026 21:00,54.89,6.59,22.18,20.23,75.6,23,194.88,68.9,Valid
239,ESP32-FARM-01,Ideal_Growth_Field,10-01-2026 22:00,53.28,6.64,21.48,20.06,72.75,9,193.8,65.63,Valid
240,ESP32-FARM-01,Ideal_Growth_Field,10-01-2026 23:00,53.43,6.72,22.3,20.71,74.87,24,196.13,69.12,Valid
241,ESP32-FARM-01,Ideal_Growth_Field,11-01-2026 00:00,53.26,6.7,21.57,18.89,76.88,9,195,68.05,Valid
242,ESP32-FARM-01,Ideal_Growth_Field,11-01-2026 01:00,55.06,6.64,22.48,19.03,75.23,7,191.23,69.13,Valid
243,ESP32-FARM-01,Ideal_Growth_Field,11-01-2026 02:00,51.95,6.67,21.74,19.85,74.89,5,194.62,69.97,Valid
244,ESP32-FARM-01,Ideal_Growth_Field,11-01-2026 03:00,55.16,6.68,21.85,20.55,75.1,23,197.52,70.4,Valid
245,ESP32-FARM-01,Ideal_Growth_Field,11-01-2026 04:00,54.02,6.7,21.89,20.3,75.28,3,194.76,67.96,Valid
246,ESP32-FARM-01,Ideal_Growth_Field,11-01-2026 05:00,52.85,6.62,22.15,23.65,73.08,150,200.82,68.74,Valid
247,ESP32-FARM-01,Ideal_Growth_Field,11-01-2026 06:00,54.5,6.62,23.78,24.42,70.54,845,195.6,68.21,Valid
248,ESP32-FARM-01,Ideal_Growth_Field,11-01-2026 07:00,54.17,6.68,24.74,27.42,66.33,1648,202.2,66.1,Valid
249,ESP32-FARM-01,Ideal_Growth_Field,11-01-2026 08:00,54.02,6.63,26.23,28.89,63.02,2369,206.35,67.24,Valid
250,ESP32-FARM-01,Ideal_Growth_Field,11-01-2026 09:00,55.01,6.68,27.04,29.36,64.07,2970,216.56,67.94,Valid
251,ESP32-FARM-01,Ideal_Growth_Field,11-01-2026 10:00,54.19,6.63,26.83,31.82,58.09,3423,216.58,68.36,Valid
252,ESP32-FARM-01,Ideal_Growth_Field,11-01-2026 11:00,55.28,6.66,27.98,31.89,58.67,3704,217.09,66.85,Valid
253,ESP32-FARM-01,Ideal_Growth_Field,11-01-2026 12:00,53.71,6.63,27.93,32.49,55.55,3800,221.29,67.5,Valid
254,ESP32-FARM-01,Ideal_Growth_Field,11-01-2026 13:00,54.14,6.64,27.72,31.58,57.43,3704,219.66,66.92,Valid
255,ESP32-FARM-01,Ideal_Growth_Field,11-01-2026 14:00,55.09,6.73,27.41,31.7,59.65,3423,214.23,66.71,Valid
256,ESP32-FARM-01,Ideal_Growth_Field,11-01-2026 15:00,54.45,6.66,26.4,30.04,62.55,2970,209.73,69.88,Valid
257,ESP32-FARM-01,Ideal_Growth_Field,11-01-2026 16:00,54.36,6.68,25.59,28.07,63.2,2369,208.34,69.34,Valid
258,ESP32-FARM-01,Ideal_Growth_Field,11-01-2026 17:00,55.04,6.69,24.56,26.97,67.94,1648,205.9,69.44,Valid
259,ESP32-FARM-01,Ideal_Growth_Field,11-01-2026 18:00,54.06,6.6,22.92,24.7,69.58,845,199.34,67.05,Valid
260,ESP32-FARM-01,Ideal_Growth_Field,11-01-2026 19:00,54.37,6.66,22.09,22.38,74.31,150,197.82,67.51,Valid
261,ESP32-FARM-01,Ideal_Growth_Field,11-01-2026 20:00,55.09,6.65,21.73,20.76,75.24,1,194.02,66.77,Valid
262,ESP32-FARM-01,Ideal_Growth_Field,11-01-2026 21:00,53.75,6.64,21.83,18.84,76.55,3,191.78,69.2,Valid
263,ESP32-FARM-01,Ideal_Growth_Field,11-01-2026 22:00,53.73,6.69,21.6,20.24,77.17,7,190.08,67.46,Valid
264,ESP32-FARM-01,Ideal_Growth_Field,11-01-2026 23:00,53.77,6.66,21.93,20.41,75,21,197.64,67.75,Valid
265,ESP32-FARM-01,Ideal_Growth_Field,12-01-2026 00:00,52.68,6.72,22.52,19.48,73.28,15,194.36,69.31,Valid
266,ESP32-FARM-01,Ideal_Growth_Field,12-01-2026 01:00,52.95,6.61,21.97,20.28,73.61,17,188.58,69.02,Valid
267,ESP32-FARM-01,Ideal_Growth_Field,12-01-2026 02:00,53.67,6.63,22.38,19.07,73.36,2,195.54,68.15,Valid
268,ESP32-FARM-01,Ideal_Growth_Field,12-01-2026 03:00,52.99,6.64,22.34,19.75,75.81,13,191.61,68.77,Valid
269,ESP32-FARM-01,Ideal_Growth_Field,12-01-2026 04:00,53.34,6.69,22.1,19.6,74.4,23,198.35,67.53,Valid
270,ESP32-FARM-01,Ideal_Growth_Field,12-01-2026 05:00,55.2,6.67,22.05,22.62,73.74,150,199.01,67.67,Valid
271,ESP32-FARM-01,Ideal_Growth_Field,12-01-2026 06:00,54.78,6.62,23.27,25.4,71.13,845,204.07,66.44,Valid
272,ESP32-FARM-01,Ideal_Growth_Field,12-01-2026 07:00,54.2,6.61,24.51,26.99,65.38,1648,213.41,67.35,Valid
273,ESP32-FARM-01,Ideal_Growth_Field,12-01-2026 08:00,53.87,6.69,25.82,29.01,62.05,2369,213.24,68.9,Valid
274,ESP32-FARM-01,Ideal_Growth_Field,12-01-2026 09:00,54.99,6.66,26.76,30.41,59.49,2970,217.69,72.15,Valid
275,ESP32-FARM-01,Ideal_Growth_Field,12-01-2026 10:00,55.2,6.6,27.58,30.89,59.52,3423,220.21,69.7,Valid
276,ESP32-FARM-01,Ideal_Growth_Field,12-01-2026 11:00,55.28,6.6,27.87,31.88,58.38,3704,218.78,69.88,Valid
277,ESP32-FARM-01,Ideal_Growth_Field,12-01-2026 12:00,55.64,6.62,28.48,32.05,56.61,3800,217.96,68.69,Valid
278,ESP32-FARM-01,Ideal_Growth_Field,12-01-2026 13:00,54.17,6.7,28.23,31.73,57.44,3704,218.26,66.8,Valid
279,ESP32-FARM-01,Ideal_Growth_Field,12-01-2026 14:00,56.53,6.66,26.92,31.41,58.2,3423,217.15,68.42,Valid
280,ESP32-FARM-01,Ideal_Growth_Field,12-01-2026 15:00,53.18,6.7,26.44,30.69,62.07,2970,215.32,64.26,Valid
281,ESP32-FARM-01,Ideal_Growth_Field,12-01-2026 16:00,55.15,6.63,25.52,27.97,63.99,2369,211.99,68.12,Valid
282,ESP32-FARM-01,Ideal_Growth_Field,12-01-2026 17:00,55.09,6.6,25.15,26.93,67.11,1648,208.95,67.88,Valid
283,ESP32-FARM-01,Ideal_Growth_Field,12-01-2026 18:00,55.22,6.64,23.75,24.64,70.09,845,202.54,67.02,Valid
284,ESP32-FARM-01,Ideal_Growth_Field,12-01-2026 19:00,53.24,6.6,22.42,22.83,75.1,150,195.94,70.27,Valid
285,ESP32-FARM-01,Ideal_Growth_Field,12-01-2026 20:00,53.87,6.69,22.37,20.06,74.4,12,195.31,67.56,Valid
286,ESP32-FARM-01,Ideal_Growth_Field,12-01-2026 21:00,53.01,6.7,22.29,19.8,72.94,16,198.51,65.5,Valid
287,ESP32-FARM-01,Ideal_Growth_Field,12-01-2026 22:00,53.08,6.69,21.78,20.57,75.4,13,198.07,64.14,Valid
288,ESP32-FARM-01,Ideal_Growth_Field,12-01-2026 23:00,53.56,6.6,22.11,19.96,76.52,3,192.45,68.29,Valid
289,ESP32-FARM-01,Ideal_Growth_Field,13-01-2026 00:00,53.12,6.61,22.08,19.7,73.06,11,191.58,65.61,Valid
290,ESP32-FARM-01,Ideal_Growth_Field,13-01-2026 01:00,52.77,6.63,22.13,20.5,77.07,2,191.95,71.41,Valid
291,ESP32-FARM-01,Ideal_Growth_Field,13-01-2026 02:00,53.32,6.71,22.17,20.07,74.29,24,196.56,68.95,Valid
292,ESP32-FARM-01,Ideal_Growth_Field,13-01-2026 03:00,54.66,6.68,21.61,18.63,75.47,18,194.35,65.37,Valid
293,ESP32-FARM-01,Ideal_Growth_Field,13-01-2026 04:00,54.69,6.7,22.04,20.76,74.28,5,199.57,67.03,Valid
294,ESP32-FARM-01,Ideal_Growth_Field,13-01-2026 05:00,54.69,6.61,22.3,23.73,74.35,150,196.65,68.19,Valid
295,ESP32-FARM-01,Ideal_Growth_Field,13-01-2026 06:00,52.39,6.59,23.17,24.4,73.77,845,200.27,66.22,Valid
296,ESP32-FARM-01,Ideal_Growth_Field,13-01-2026 07:00,54.6,6.58,24.99,26.13,67.14,1648,205.88,67.85,Valid
297,ESP32-FARM-01,Ideal_Growth_Field,13-01-2026 08:00,55.94,6.67,26.13,28.51,63.98,2369,211.32,68.7,Valid
298,ESP32-FARM-01,Ideal_Growth_Field,13-01-2026 09:00,53.68,6.67,26.86,29.22,62.07,2970,214.02,65.63,Valid
299,ESP32-FARM-01,Ideal_Growth_Field,13-01-2026 10:00,55,6.61,27.77,30.6,58.2,3423,215.83,73.04,Valid
300,ESP32-FARM-01,Ideal_Growth_Field,13-01-2026 11:00,54.56,6.74,28.36,32,56.05,3704,224.57,68.72,Valid
301,ESP32-FARM-01,Ideal_Growth_Field,13-01-2026 12:00,56.06,6.64,28.3,31.85,56.9,3800,217.08,66.23,Valid
302,ESP32-FARM-01,Ideal_Growth_Field,13-01-2026 13:00,54.33,6.67,27.93,31.57,56.79,3704,215.83,67.2,Valid
303,ESP32-FARM-01,Ideal_Growth_Field,13-01-2026 14:00,56.83,6.52,27.39,31.39,58.73,3423,219.66,67.14,Valid
304,ESP32-FARM-01,Ideal_Growth_Field,13-01-2026 15:00,54.94,6.63,26.71,30.94,62.18,2970,216.37,67.88,Valid
305,ESP32-FARM-01,Ideal_Growth_Field,13-01-2026 16:00,54.3,6.69,25.92,28.64,64.25,2369,211.3,69.27,Valid
306,ESP32-FARM-01,Ideal_Growth_Field,13-01-2026 17:00,54.96,6.65,24.54,27.25,66.79,1648,205.47,66.56,Valid
307,ESP32-FARM-01,Ideal_Growth_Field,13-01-2026 18:00,54.89,6.68,23.1,25.34,71.71,845,201.32,67.87,Valid
308,ESP32-FARM-01,Ideal_Growth_Field,13-01-2026 19:00,55.53,6.64,22.7,24.17,73.03,150,192.59,67.06,Valid
309,ESP32-FARM-01,Ideal_Growth_Field,13-01-2026 20:00,53.77,6.69,21.97,20.35,75.41,11,195.26,70.18,Valid
310,ESP32-FARM-01,Ideal_Growth_Field,13-01-2026 21:00,54.44,6.69,22.37,20.56,73.92,10,197.24,70.63,Valid
311,ESP32-FARM-01,Ideal_Growth_Field,13-01-2026 22:00,53.73,6.65,22.02,19.93,75.8,18,191.38,68.96,Valid
312,ESP32-FARM-01,Ideal_Growth_Field,13-01-2026 23:00,53.62,6.64,22.46,19.34,74.96,11,194.68,69.74,Valid
313,ESP32-FARM-01,Ideal_Growth_Field,14-01-2026 00:00,52.52,6.74,22.1,19.59,75.31,10,195.87,69.1,Valid
314,ESP32-FARM-01,Ideal_Growth_Field,14-01-2026 01:00,53.51,6.69,22.26,19.83,74.4,13,194.89,67.86,Valid
315,ESP32-FARM-01,Ideal_Growth_Field,14-01-2026 02:00,52.66,6.67,21.72,20.81,75.81,7,193.98,68.81,Valid
316,ESP32-FARM-01,Ideal_Growth_Field,14-01-2026 03:00,54.9,6.62,21.92,20.32,75.42,2,196.24,68.26,Valid
317,ESP32-FARM-01,Ideal_Growth_Field,14-01-2026 04:00,52.3,6.7,21.91,19.76,74.09,3,196.03,68.7,Valid
318,ESP32-FARM-01,Ideal_Growth_Field,14-01-2026 05:00,54.34,6.63,22.1,23.05,75.92,150,198.36,71.19,Valid
319,ESP32-FARM-01,Ideal_Growth_Field,14-01-2026 06:00,54.82,6.66,22.52,24.53,70.5,845,196.03,67.38,Valid
320,ESP32-FARM-01,Ideal_Growth_Field,14-01-2026 07:00,53.31,6.62,24.54,26.9,68.27,1648,206.85,68.59,Valid
321,ESP32-FARM-01,Ideal_Growth_Field,14-01-2026 08:00,53.17,6.67,25.94,27.91,63.57,2369,210.12,66.88,Valid
322,ESP32-FARM-01,Ideal_Growth_Field,14-01-2026 09:00,54.84,6.62,26.7,30.34,61.41,2970,215.08,69.34,Valid
323,ESP32-FARM-01,Ideal_Growth_Field,14-01-2026 10:00,54.42,6.63,27.76,30.28,57.54,3423,214.21,67.21,Valid
324,ESP32-FARM-01,Ideal_Growth_Field,14-01-2026 11:00,54.37,6.61,27.97,32.06,57.11,3704,220.96,68.17,Valid
325,ESP32-FARM-01,Ideal_Growth_Field,14-01-2026 12:00,53.93,6.66,27.84,31.9,58.04,3800,217.17,67.95,Valid
326,ESP32-FARM-01,Ideal_Growth_Field,14-01-2026 13:00,55.49,6.66,28.05,31.3,59.16,3704,219.25,66.63,Valid
327,ESP32-FARM-01,Ideal_Growth_Field,14-01-2026 14:00,54.63,6.73,27.93,31.28,59.78,3423,213.32,66.5,Valid
328,ESP32-FARM-01,Ideal_Growth_Field,14-01-2026 15:00,54.28,6.64,26.81,30.49,60.48,2970,215.16,68.04,Valid
329,ESP32-FARM-01,Ideal_Growth_Field,14-01-2026 16:00,54.54,6.67,25.66,28.18,64.7,2369,210.58,66.38,Valid
330,ESP32-FARM-01,Ideal_Growth_Field,14-01-2026 17:00,54.83,6.67,24.49,26.75,66.37,1648,207.46,68.51,Valid
331,ESP32-FARM-01,Ideal_Growth_Field,14-01-2026 18:00,54,6.68,23.57,25.17,70,845,200.78,65.72,Valid
332,ESP32-FARM-01,Ideal_Growth_Field,14-01-2026 19:00,54.33,6.61,21.88,23.82,74.18,150,200.77,68.97,Valid
333,ESP32-FARM-01,Ideal_Growth_Field,14-01-2026 20:00,54.62,6.6,21.85,20.34,75.41,22,190.89,66.17,Valid
334,ESP32-FARM-01,Ideal_Growth_Field,14-01-2026 21:00,54.27,6.71,21.94,20.02,73.15,24,188.2,66.89,Valid
335,ESP32-FARM-01,Ideal_Growth_Field,14-01-2026 22:00,54.81,6.69,22.37,20.2,72.95,15,195.81,70.84,Valid
336,ESP32-FARM-01,Ideal_Growth_Field,14-01-2026 23:00,53.86,6.63,22.24,19.89,74.71,19,198.85,67.44,Valid
337,ESP32-FARM-01,Ideal_Growth_Field,15-01-2026 00:00,52.07,6.67,22.34,19.45,77.64,12,195.79,68.02,Valid
338,ESP32-FARM-01,Ideal_Growth_Field,15-01-2026 01:00,52.72,6.73,21.97,19.72,74.54,20,200.16,67.93,Valid
339,ESP32-FARM-01,Ideal_Growth_Field,15-01-2026 02:00,53.67,6.56,22.11,19.95,76.03,4,200.48,69.6,Valid
340,ESP32-FARM-01,Ideal_Growth_Field,15-01-2026 03:00,52.62,6.62,22.14,20.37,75.44,2,194.08,66.35,Valid
341,ESP32-FARM-01,Ideal_Growth_Field,15-01-2026 04:00,55.06,6.65,22.57,19.53,75.32,8,190.56,69.06,Valid
342,ESP32-FARM-01,Ideal_Growth_Field,15-01-2026 05:00,54.61,6.63,22.33,23.54,73.2,150,200.31,70.57,Valid
343,ESP32-FARM-01,Ideal_Growth_Field,15-01-2026 06:00,53.69,6.69,24.13,25.56,70.81,845,204.87,70.33,Valid
344,ESP32-FARM-01,Ideal_Growth_Field,15-01-2026 07:00,53.01,6.67,24.16,26.9,64.61,1648,204.16,68.11,Valid
345,ESP32-FARM-01,Ideal_Growth_Field,15-01-2026 08:00,55.47,6.65,25.13,28.6,62.05,2369,213.31,67.93,Valid
346,ESP32-FARM-01,Ideal_Growth_Field,15-01-2026 09:00,54.09,6.64,26.97,30.82,62.25,2970,218.78,68.16,Valid
347,ESP32-FARM-01,Ideal_Growth_Field,15-01-2026 10:00,55.59,6.69,27.33,30.66,59.39,3423,218.37,67.61,Valid
348,ESP32-FARM-01,Ideal_Growth_Field,15-01-2026 11:00,54.29,6.67,28.24,31.84,58.14,3704,219.56,69.09,Valid
349,ESP32-FARM-01,Ideal_Growth_Field,15-01-2026 12:00,54.32,6.71,27.9,32.49,58.18,3800,223.09,69.25,Valid
350,ESP32-FARM-01,Ideal_Growth_Field,15-01-2026 13:00,55.78,6.65,27.92,32.29,57.46,3704,215.51,68.3,Valid
351,ESP32-FARM-01,Ideal_Growth_Field,15-01-2026 14:00,54.25,6.6,27.71,31.68,59.83,3423,218.48,65.75,Valid
352,ESP32-FARM-01,Ideal_Growth_Field,15-01-2026 15:00,55.79,6.73,26.2,29.89,61.49,2970,214.1,67.85,Valid
353,ESP32-FARM-01,Ideal_Growth_Field,15-01-2026 16:00,54.48,6.67,25.93,29,63.84,2369,212.11,69.39,Valid
354,ESP32-FARM-01,Ideal_Growth_Field,15-01-2026 17:00,55.58,6.63,24.79,27.15,66.1,1648,203.36,66.46,Valid
355,ESP32-FARM-01,Ideal_Growth_Field,15-01-2026 18:00,55.34,6.67,23.52,24.51,72.33,845,199.01,67.12,Valid
356,ESP32-FARM-01,Ideal_Growth_Field,15-01-2026 19:00,54.61,6.66,22.77,24.11,72.96,150,202.92,67.32,Valid
357,ESP32-FARM-01,Ideal_Growth_Field,15-01-2026 20:00,53.21,6.67,21.97,20.37,74.92,16,190.83,67.83,Valid
358,ESP32-FARM-01,Ideal_Growth_Field,15-01-2026 21:00,54.02,6.66,22.32,20.64,74.93,4,196.28,65.43,Valid
359,ESP32-FARM-01,Ideal_Growth_Field,15-01-2026 22:00,52.06,6.64,21.84,19.87,73.56,5,194.13,68.52,Valid
360,ESP32-FARM-01,Ideal_Growth_Field,15-01-2026 23:00,53.67,6.64,22.03,19.55,73.67,17,199.88,69.84,Valid
361,ESP32-FARM-01,Ideal_Growth_Field,16-01-2026 00:00,53.02,6.64,22.24,20.34,74.57,12,196.88,67.1,Valid
362,ESP32-FARM-01,Ideal_Growth_Field,16-01-2026 01:00,52.04,6.63,21.91,20.35,75,2,189.09,68.89,Valid
363,ESP32-FARM-01,Ideal_Growth_Field,16-01-2026 02:00,53.8,6.66,21.77,20.55,76.27,8,194.11,66.73,Valid
364,ESP32-FARM-01,Ideal_Growth_Field,16-01-2026 03:00,54.27,6.69,22.47,19.88,77.75,1,189.99,66.75,Valid
365,ESP32-FARM-01,Ideal_Growth_Field,16-01-2026 04:00,52.87,6.64,22.36,19.24,74.91,6,192.96,68,Valid
366,ESP32-FARM-01,Ideal_Growth_Field,16-01-2026 05:00,53.25,6.69,22.01,23.13,72.93,150,197.72,66.63,Valid
367,ESP32-FARM-01,Ideal_Growth_Field,16-01-2026 06:00,53.47,6.66,23.18,25.32,69.63,845,201.29,66.77,Valid
368,ESP32-FARM-01,Ideal_Growth_Field,16-01-2026 07:00,53.64,6.66,25.02,26.91,67.25,1648,211.59,70.65,Valid
369,ESP32-FARM-01,Ideal_Growth_Field,16-01-2026 08:00,53.49,6.61,25.92,28.15,62.45,2369,209.04,68.92,Valid
370,ESP32-FARM-01,Ideal_Growth_Field,16-01-2026 09:00,56.62,6.67,26.58,29.47,61.02,2970,212.54,70.15,Valid
371,ESP32-FARM-01,Ideal_Growth_Field,16-01-2026 10:00,55.35,6.68,27.75,30.66,58.08,3423,214.82,65.52,Valid
372,ESP32-FARM-01,Ideal_Growth_Field,16-01-2026 11:00,54.7,6.67,28.09,31.99,56.88,3704,218.72,67.4,Valid
373,ESP32-FARM-01,Ideal_Growth_Field,16-01-2026 12:00,55.77,6.59,28.55,32.5,56.34,3800,215.85,66.41,Valid
374,ESP32-FARM-01,Ideal_Growth_Field,16-01-2026 13:00,53.95,6.73,28.46,31.47,55.37,3704,225.84,69.31,Valid
375,ESP32-FARM-01,Ideal_Growth_Field,16-01-2026 14:00,56.16,6.71,27.75,31.16,58.27,3423,222.57,68.78,Valid
376,ESP32-FARM-01,Ideal_Growth_Field,16-01-2026 15:00,53.58,6.66,26.48,30.35,60.14,2970,207.33,67.85,Valid
377,ESP32-FARM-01,Ideal_Growth_Field,16-01-2026 16:00,54.3,6.64,25.88,28.79,63.87,2369,210.84,66.66,Valid
378,ESP32-FARM-01,Ideal_Growth_Field,16-01-2026 17:00,54.44,6.68,24.5,27.78,65.49,1648,204.41,67.16,Valid
379,ESP32-FARM-01,Ideal_Growth_Field,16-01-2026 18:00,54.94,6.59,23.98,25.16,68.99,845,199.91,67.14,Valid
380,ESP32-FARM-01,Ideal_Growth_Field,16-01-2026 19:00,52.72,6.67,22.45,23.33,74.92,150,194.93,65.73,Valid
381,ESP32-FARM-01,Ideal_Growth_Field,16-01-2026 20:00,54.35,6.66,21.62,19.84,73.73,13,200.9,67.08,Valid
382,ESP32-FARM-01,Ideal_Growth_Field,16-01-2026 21:00,54.64,6.65,22.2,20.03,73.59,8,189.08,69.34,Valid
383,ESP32-FARM-01,Ideal_Growth_Field,16-01-2026 22:00,53.95,6.66,21.42,19.7,71.14,1,196.3,65.9,Valid
384,ESP32-FARM-01,Ideal_Growth_Field,16-01-2026 23:00,52.37,6.59,21.63,20.09,77.32,11,195.39,70.75,Valid
385,ESP32-FARM-01,Ideal_Growth_Field,17-01-2026 00:00,52.22,6.73,22.05,20.12,75.87,17,186.46,66.82,Valid
386,ESP32-FARM-01,Ideal_Growth_Field,17-01-2026 01:00,52.67,6.68,21.85,20.17,76.02,5,202.12,66.89,Valid
387,ESP32-FARM-01,Ideal_Growth_Field,17-01-2026 02:00,53.56,6.6,22.18,20.22,74.17,13,196.12,66.89,Valid
388,ESP32-FARM-01,Ideal_Growth_Field,17-01-2026 03:00,53.77,6.66,22.08,19.85,75.21,1,202.22,67.54,Valid
389,ESP32-FARM-01,Ideal_Growth_Field,17-01-2026 04:00,52.63,6.63,21.99,19.77,75.52,10,198.28,65,Valid
390,ESP32-FARM-01,Ideal_Growth_Field,17-01-2026 05:00,53.85,6.71,21.55,22.98,72.41,150,196.71,69.57,Valid
391,ESP32-FARM-01,Ideal_Growth_Field,17-01-2026 06:00,56.28,6.62,23.39,24.33,69.61,845,199.4,69.2,Valid
392,ESP32-FARM-01,Ideal_Growth_Field,17-01-2026 07:00,54.21,6.66,24.92,26.46,70.02,1648,207.33,68.97,Valid
393,ESP32-FARM-01,Ideal_Growth_Field,17-01-2026 08:00,53.14,6.6,25.57,29.07,62.87,2369,213.5,68.69,Valid
394,ESP32-FARM-01,Ideal_Growth_Field,17-01-2026 09:00,56.24,6.66,27.16,30.53,60.65,2970,217.51,67.01,Valid
395,ESP32-FARM-01,Ideal_Growth_Field,17-01-2026 10:00,54.58,6.62,27.25,31.13,59.18,3423,218.84,69.05,Valid
396,ESP32-FARM-01,Ideal_Growth_Field,17-01-2026 11:00,56.22,6.64,27.63,32.09,57.99,3704,219.78,67.62,Valid
397,ESP32-FARM-01,Ideal_Growth_Field,17-01-2026 12:00,55.52,6.69,27.65,32.05,56.8,3800,218.12,67.86,Valid
398,ESP32-FARM-01,Ideal_Growth_Field,17-01-2026 13:00,54.04,6.67,27.99,31.75,58.01,3704,215.84,68.86,Valid
399,ESP32-FARM-01,Ideal_Growth_Field,17-01-2026 14:00,54.51,6.62,26.71,31.33,57.94,3423,214.34,69.44,Valid
400,ESP32-FARM-01,Ideal_Growth_Field,17-01-2026 15:00,54.24,6.69,26.09,30.82,62.46,2970,214.02,71.8,Valid
401,ESP32-FARM-01,Ideal_Growth_Field,17-01-2026 16:00,55.65,6.76,25.56,28.31,63.66,2369,207.64,69.9,Valid
402,ESP32-FARM-01,Ideal_Growth_Field,17-01-2026 17:00,54.58,6.62,25.08,27.22,67.34,1648,209.61,65.5,Valid
403,ESP32-FARM-01,Ideal_Growth_Field,17-01-2026 18:00,54.37,6.68,23.01,25.37,70.34,845,205.91,67.42,Valid
404,ESP32-FARM-01,Ideal_Growth_Field,17-01-2026 19:00,55.84,6.63,22.81,22.75,75.21,150,192.2,70.86,Valid
405,ESP32-FARM-01,Ideal_Growth_Field,17-01-2026 20:00,52.4,6.61,21.89,20.03,73.17,13,195.44,65.59,Valid
406,ESP32-FARM-01,Ideal_Growth_Field,17-01-2026 21:00,53.01,6.59,21.98,20.29,73.86,2,193.45,67.09,Valid
407,ESP32-FARM-01,Ideal_Growth_Field,17-01-2026 22:00,54.04,6.68,22.29,19.85,74.76,23,197.01,68.14,Valid
408,ESP32-FARM-01,Ideal_Growth_Field,17-01-2026 23:00,53.76,6.68,22.26,20.06,76.52,12,191.76,66.35,Valid
409,ESP32-FARM-01,Ideal_Growth_Field,18-01-2026 00:00,52.72,6.62,22.04,19.81,74.02,2,193.15,67.71,Valid
410,ESP32-FARM-01,Ideal_Growth_Field,18-01-2026 01:00,52.54,6.65,21.95,19.44,77.11,0,196.54,66.35,Valid
411,ESP32-FARM-01,Ideal_Growth_Field,18-01-2026 02:00,53.94,6.67,21.97,19.91,76.36,15,194.33,69.13,Valid
412,ESP32-FARM-01,Ideal_Growth_Field,18-01-2026 03:00,53.07,6.67,22.5,19.83,74.74,23,194.64,68.79,Valid
413,ESP32-FARM-01,Ideal_Growth_Field,18-01-2026 04:00,52.74,6.65,21.92,19.73,75.7,19,193.72,69.66,Valid
414,ESP32-FARM-01,Ideal_Growth_Field,18-01-2026 05:00,55.7,6.66,22.45,23.22,74.98,150,194.97,70.78,Valid
415,ESP32-FARM-01,Ideal_Growth_Field,18-01-2026 06:00,54.72,6.66,23.55,24.27,72.04,845,200.65,67.02,Valid
416,ESP32-FARM-01,Ideal_Growth_Field,18-01-2026 07:00,54.59,6.56,24.66,27.45,64.86,1648,204.94,68.59,Valid
417,ESP32-FARM-01,Ideal_Growth_Field,18-01-2026 08:00,54.62,6.67,25.29,28.52,63.61,2369,208.8,67.54,Valid
418,ESP32-FARM-01,Ideal_Growth_Field,18-01-2026 09:00,55.63,6.69,27.07,29.91,61.36,2970,217.38,69.55,Valid
419,ESP32-FARM-01,Ideal_Growth_Field,18-01-2026 10:00,54.95,6.71,27.51,31.33,58.68,3423,218.5,68.02,Valid
420,ESP32-FARM-01,Ideal_Growth_Field,18-01-2026 11:00,55.91,6.62,27.87,31.49,57.03,3704,226.48,70.82,Valid
421,ESP32-FARM-01,Ideal_Growth_Field,18-01-2026 12:00,54.27,6.71,27.56,32.69,57.63,3800,223.74,67.47,Valid
422,ESP32-FARM-01,Ideal_Growth_Field,18-01-2026 13:00,55.9,6.6,28,31.81,57.61,3704,220.63,69.23,Valid
423,ESP32-FARM-01,Ideal_Growth_Field,18-01-2026 14:00,54.95,6.64,27.17,31.46,59.46,3423,226.33,66.55,Valid
424,ESP32-FARM-01,Ideal_Growth_Field,18-01-2026 15:00,54.48,6.75,26.66,30.99,58.55,2970,213.32,68.29,Valid
425,ESP32-FARM-01,Ideal_Growth_Field,18-01-2026 16:00,55.09,6.65,25.79,28.87,63.69,2369,210.15,67.04,Valid
426,ESP32-FARM-01,Ideal_Growth_Field,18-01-2026 17:00,56.05,6.66,24.68,26.94,66.85,1648,205.77,68.16,Valid
427,ESP32-FARM-01,Ideal_Growth_Field,18-01-2026 18:00,53.6,6.69,24.02,23.53,69.32,845,204.96,68.3,Valid
428,ESP32-FARM-01,Ideal_Growth_Field,18-01-2026 19:00,53.69,6.64,21.85,23.67,73.37,150,201.09,70.34,Valid
429,ESP32-FARM-01,Ideal_Growth_Field,18-01-2026 20:00,55.37,6.69,22.31,20.01,74.01,17,197.49,67.94,Valid
430,ESP32-FARM-01,Ideal_Growth_Field,18-01-2026 21:00,54.98,6.63,21.61,20.6,72.47,3,192.3,65.41,Valid
431,ESP32-FARM-01,Ideal_Growth_Field,18-01-2026 22:00,53.67,6.76,22,20.37,74.38,20,194.31,67.79,Valid
432,ESP32-FARM-01,Ideal_Growth_Field,18-01-2026 23:00,52.44,6.66,21.61,20.51,73.68,11,195.06,67.95,Valid
433,ESP32-FARM-01,Ideal_Growth_Field,19-01-2026 00:00,52.22,6.59,22.38,20.58,76.12,5,194.19,65.87,Valid
434,ESP32-FARM-01,Ideal_Growth_Field,19-01-2026 01:00,51.19,6.63,21.88,20.27,74.8,7,193.71,66.51,Valid
435,ESP32-FARM-01,Ideal_Growth_Field,19-01-2026 02:00,52.77,6.64,22.02,19.64,75.38,1,191.3,67.58,Valid
436,ESP32-FARM-01,Ideal_Growth_Field,19-01-2026 03:00,52.41,6.64,21.8,20.25,74.41,19,197.79,67.07,Valid
437,ESP32-FARM-01,Ideal_Growth_Field,19-01-2026 04:00,55.29,6.72,22.04,19.74,75.65,4,200.2,69.09,Valid
438,ESP32-FARM-01,Ideal_Growth_Field,19-01-2026 05:00,53.57,6.63,22.49,23.48,73.41,150,196.59,66.78,Valid
439,ESP32-FARM-01,Ideal_Growth_Field,19-01-2026 06:00,55.99,6.64,23.11,25.29,69.21,845,198.8,69.84,Valid
440,ESP32-FARM-01,Ideal_Growth_Field,19-01-2026 07:00,54.34,6.62,24.52,27.01,64.78,1648,208.13,68.05,Valid
441,ESP32-FARM-01,Ideal_Growth_Field,19-01-2026 08:00,55.18,6.6,25.22,28.95,63.18,2369,208.59,66.76,Valid
442,ESP32-FARM-01,Ideal_Growth_Field,19-01-2026 09:00,56,6.66,26.43,29.81,62.02,2970,216.29,66.05,Valid
443,ESP32-FARM-01,Ideal_Growth_Field,19-01-2026 10:00,54.62,6.67,27.17,31.25,58.7,3423,210.16,66.96,Valid
444,ESP32-FARM-01,Ideal_Growth_Field,19-01-2026 11:00,55.64,6.59,27.68,31.94,58.89,3704,220.75,69.27,Valid
445,ESP32-FARM-01,Ideal_Growth_Field,19-01-2026 12:00,54.75,6.66,28.07,32.21,58,3800,224.22,67.74,Valid
446,ESP32-FARM-01,Ideal_Growth_Field,19-01-2026 13:00,55.7,6.64,27.56,31.67,58.65,3704,215.15,66.05,Valid
447,ESP32-FARM-01,Ideal_Growth_Field,19-01-2026 14:00,55.1,6.62,27.24,31.4,59.13,3423,212.49,67.13,Valid
448,ESP32-FARM-01,Ideal_Growth_Field,19-01-2026 15:00,55.03,6.71,26.11,29.59,59.86,2970,212.84,68.84,Valid
449,ESP32-FARM-01,Ideal_Growth_Field,19-01-2026 16:00,54.97,6.67,26.03,27.78,62.81,2369,216.26,67.11,Valid
450,ESP32-FARM-01,Ideal_Growth_Field,19-01-2026 17:00,54.44,6.56,24.7,26.66,66.3,1648,208.18,68.79,Valid
451,ESP32-FARM-01,Ideal_Growth_Field,19-01-2026 18:00,54.41,6.67,23.14,24.78,70.42,845,199.19,69.27,Valid
452,ESP32-FARM-01,Ideal_Growth_Field,19-01-2026 19:00,53.9,6.69,21.79,23.85,75.14,150,195.5,72.08,Valid
453,ESP32-FARM-01,Ideal_Growth_Field,19-01-2026 20:00,55.04,6.67,21.49,19.94,74.49,21,197.17,67.78,Valid
454,ESP32-FARM-01,Ideal_Growth_Field,19-01-2026 21:00,54.37,6.62,21.8,20.13,75.42,8,192.63,67.66,Valid
455,ESP32-FARM-01,Ideal_Growth_Field,19-01-2026 22:00,53.56,6.63,21.91,19.9,74.65,12,198.56,65.09,Valid
456,ESP32-FARM-01,Ideal_Growth_Field,19-01-2026 23:00,53.81,6.67,22.05,20.83,73.27,7,193.18,68.9,Valid
457,ESP32-FARM-01,Ideal_Growth_Field,20-01-2026 00:00,52.02,6.61,22.12,19.86,76.23,10,191.91,69.44,Valid
458,ESP32-FARM-01,Ideal_Growth_Field,20-01-2026 01:00,52.79,6.62,22.25,20.65,75.91,20,192.09,69.24,Valid
459,ESP32-FARM-01,Ideal_Growth_Field,20-01-2026 02:00,52.96,6.62,21.54,20.31,74.77,11,196.6,68.92,Valid
460,ESP32-FARM-01,Ideal_Growth_Field,20-01-2026 03:00,54.3,6.7,21.96,19.13,74.03,23,196.42,68.8,Valid
461,ESP32-FARM-01,Ideal_Growth_Field,20-01-2026 04:00,53.58,6.67,21.84,19.2,75.66,23,192.72,66.4,Valid
462,ESP32-FARM-01,Ideal_Growth_Field,20-01-2026 05:00,54.9,6.61,22.25,23.17,73.22,150,195.42,69.89,Valid
463,ESP32-FARM-01,Ideal_Growth_Field,20-01-2026 06:00,54.1,6.67,23.38,25.16,70.61,845,200.08,66.64,Valid
464,ESP32-FARM-01,Ideal_Growth_Field,20-01-2026 07:00,54.6,6.6,24.69,26.63,67.03,1648,207.73,69.35,Valid
465,ESP32-FARM-01,Ideal_Growth_Field,20-01-2026 08:00,56.17,6.63,25.56,28.61,64.02,2369,215.14,69.14,Valid
466,ESP32-FARM-01,Ideal_Growth_Field,20-01-2026 09:00,54.59,6.65,26.87,29.73,59.89,2970,211.11,68.91,Valid
467,ESP32-FARM-01,Ideal_Growth_Field,20-01-2026 10:00,53.63,6.68,27.22,31.1,58.91,3423,216.07,68.78,Valid
468,ESP32-FARM-01,Ideal_Growth_Field,20-01-2026 11:00,55.57,6.6,27.95,32.15,57.99,3704,224.12,68.38,Valid
469,ESP32-FARM-01,Ideal_Growth_Field,20-01-2026 12:00,54.39,6.6,28.03,31.97,59.81,3800,221.36,66.41,Valid
470,ESP32-FARM-01,Ideal_Growth_Field,20-01-2026 13:00,54.41,6.66,28.15,31.4,56.55,3704,219.22,68.06,Valid
471,ESP32-FARM-01,Ideal_Growth_Field,20-01-2026 14:00,54.71,6.63,27.28,31.01,58.37,3423,218.37,68.85,Valid
472,ESP32-FARM-01,Ideal_Growth_Field,20-01-2026 15:00,55.53,6.65,27.15,30.14,59.66,2970,213.95,68.64,Valid
473,ESP32-FARM-01,Ideal_Growth_Field,20-01-2026 16:00,55.58,6.58,25.88,29.05,62.45,2369,209.49,65.8,Valid
474,ESP32-FARM-01,Ideal_Growth_Field,20-01-2026 17:00,54.08,6.73,24.05,25.81,67.61,1648,206.74,66.7,Valid
475,ESP32-FARM-01,Ideal_Growth_Field,20-01-2026 18:00,54.31,6.66,23.69,25.12,70.05,845,204.1,68.84,Valid
476,ESP32-FARM-01,Ideal_Growth_Field,20-01-2026 19:00,53.96,6.61,22.69,23.03,75.08,150,196.91,68.55,Valid
477,ESP32-FARM-01,Ideal_Growth_Field,20-01-2026 20:00,54.64,6.64,22.23,20.67,73.58,10,197.94,68.45,Valid
478,ESP32-FARM-01,Ideal_Growth_Field,20-01-2026 21:00,53.28,6.65,22.21,19.1,78.01,2,199.04,69.17,Valid
479,ESP32-FARM-01,Ideal_Growth_Field,20-01-2026 22:00,52.92,6.63,21.31,19.15,76.14,19,200.24,65.04,Valid
480,ESP32-FARM-01,Ideal_Growth_Field,20-01-2026 23:00,53.59,6.7,22.11,20.5,75.39,5,189.46,65.82,Valid
481,ESP32-FARM-01,Ideal_Growth_Field,21-01-2026 00:00,53.2,6.61,21.89,20.09,75.34,2,192.52,70.08,Valid
482,ESP32-FARM-01,Ideal_Growth_Field,21-01-2026 01:00,52.17,6.61,22.39,20.2,75.35,10,194.37,67.09,Valid
483,ESP32-FARM-01,Ideal_Growth_Field,21-01-2026 02:00,51.16,6.64,22.47,19.79,75.42,4,195.67,66.47,Valid
484,ESP32-FARM-01,Ideal_Growth_Field,21-01-2026 03:00,52.77,6.67,22.36,19.78,74.94,14,200.84,68.73,Valid
485,ESP32-FARM-01,Ideal_Growth_Field,21-01-2026 04:00,54.34,6.64,21.88,19.99,75.24,0,195.74,65.24,Valid
486,ESP32-FARM-01,Ideal_Growth_Field,21-01-2026 05:00,53.84,6.71,23.15,23.91,75.21,150,192.57,70.45,Valid
487,ESP32-FARM-01,Ideal_Growth_Field,21-01-2026 06:00,53.5,6.67,22.97,25.1,71.22,845,199.14,68.16,Valid
488,ESP32-FARM-01,Ideal_Growth_Field,21-01-2026 07:00,54.42,6.63,24.64,26.54,67.02,1648,207.8,66.77,Valid
489,ESP32-FARM-01,Ideal_Growth_Field,21-01-2026 08:00,53.21,6.66,25.48,29.08,65.52,2369,211.45,71.01,Valid
490,ESP32-FARM-01,Ideal_Growth_Field,21-01-2026 09:00,54.8,6.63,26.67,29.37,61.05,2970,216.32,66.99,Valid
491,ESP32-FARM-01,Ideal_Growth_Field,21-01-2026 10:00,55.58,6.65,26.64,31.22,60,3423,218.91,68.81,Valid
492,ESP32-FARM-01,Ideal_Growth_Field,21-01-2026 11:00,56.47,6.73,27.9,31.67,56.55,3704,221.53,66.63,Valid
493,ESP32-FARM-01,Ideal_Growth_Field,21-01-2026 12:00,55.59,6.71,27.5,32,56.42,3800,217.69,67.21,Valid
494,ESP32-FARM-01,Ideal_Growth_Field,21-01-2026 13:00,56.69,6.57,27.95,31.98,59.17,3704,221.22,68.11,Valid
495,ESP32-FARM-01,Ideal_Growth_Field,21-01-2026 14:00,55.89,6.65,26.9,31.44,58.79,3423,215.44,65.64,Valid
496,ESP32-FARM-01,Ideal_Growth_Field,21-01-2026 15:00,55.38,6.66,26.92,30.48,61.44,2970,210.92,71.08,Valid
497,ESP32-FARM-01,Ideal_Growth_Field,21-01-2026 16:00,55.42,6.66,25.74,28.44,62.03,2369,213.06,68.24,Valid
498,ESP32-FARM-01,Ideal_Growth_Field,21-01-2026 17:00,53.93,6.73,24.96,26.74,67.96,1648,205.17,68.77,Valid
499,ESP32-FARM-01,Ideal_Growth_Field,21-01-2026 18:00,56.24,6.69,23.41,24.1,73.43,845,202.86,68.85,Valid
500,ESP32-FARM-01,Ideal_Growth_Field,21-01-2026 19:00,53.15,6.6,22.32,23.36,73.47,150,198.79,68.82,Valid
501,ESP32-FARM-01,Ideal_Growth_Field,21-01-2026 20:00,53.29,6.61,22.69,19.95,75.76,19,195.46,66.86,Valid
502,ESP32-FARM-01,Ideal_Growth_Field,21-01-2026 21:00,54.12,6.68,22.18,21.01,74.89,18,196.25,68.16,Valid
503,ESP32-FARM-01,Ideal_Growth_Field,21-01-2026 22:00,52.9,6.61,22.21,19.85,75.63,17,199.32,69.87,Valid
504,ESP32-FARM-01,Ideal_Growth_Field,21-01-2026 23:00,54.4,6.64,22.05,19.42,74.94,4,194.93,68.75,Valid
505,ESP32-FARM-01,Ideal_Growth_Field,22-01-2026 00:00,51.32,6.67,22.07,20.06,74.51,18,192.4,65.67,Valid
506,ESP32-FARM-01,Ideal_Growth_Field,22-01-2026 01:00,52.06,6.66,22.62,19.5,75.32,9,195.06,67.31,Valid
507,ESP32-FARM-01,Ideal_Growth_Field,22-01-2026 02:00,54.56,6.71,22.46,20.19,74.46,18,200.58,68.55,Valid
508,ESP32-FARM-01,Ideal_Growth_Field,22-01-2026 03:00,53.83,6.62,21.9,20.15,75.61,20,195.04,68.69,Valid
509,ESP32-FARM-01,Ideal_Growth_Field,22-01-2026 04:00,53.6,6.68,22.39,20.08,74.15,23,201.58,66.65,Valid
510,ESP32-FARM-01,Ideal_Growth_Field,22-01-2026 05:00,53.45,6.61,21.79,23.87,73.88,150,196.54,65.72,Valid
511,ESP32-FARM-01,Ideal_Growth_Field,22-01-2026 06:00,53.56,6.64,23.42,25.21,71.77,845,200.89,70.81,Valid
512,ESP32-FARM-01,Ideal_Growth_Field,22-01-2026 07:00,53.12,6.63,24.5,27.57,66.09,1648,206.3,66.39,Valid
513,ESP32-FARM-01,Ideal_Growth_Field,22-01-2026 08:00,55.94,6.62,25.77,28.27,62.91,2369,205.59,69.73,Valid
514,ESP32-FARM-01,Ideal_Growth_Field,22-01-2026 09:00,56.55,6.61,26.64,29.05,62.36,2970,213.79,68.39,Valid
515,ESP32-FARM-01,Ideal_Growth_Field,22-01-2026 10:00,54.34,6.67,27.94,31.18,57.63,3423,219.18,67.48,Valid
516,ESP32-FARM-01,Ideal_Growth_Field,22-01-2026 11:00,55.17,6.62,27.78,31.95,56.23,3704,221.08,67.93,Valid
517,ESP32-FARM-01,Ideal_Growth_Field,22-01-2026 12:00,54.83,6.68,28.4,31.65,57.71,3800,219.98,68.22,Valid
518,ESP32-FARM-01,Ideal_Growth_Field,22-01-2026 13:00,54.39,6.65,28.61,31.85,56.1,3704,217.87,66.37,Valid
519,ESP32-FARM-01,Ideal_Growth_Field,22-01-2026 14:00,54.89,6.72,27.6,31.56,59.45,3423,217.08,70.31,Valid
520,ESP32-FARM-01,Ideal_Growth_Field,22-01-2026 15:00,55.39,6.71,26.58,29.33,60.18,2970,208.27,67.28,Valid
521,ESP32-FARM-01,Ideal_Growth_Field,22-01-2026 16:00,54.37,6.74,26.18,28.49,63.75,2369,211.68,70.15,Valid
522,ESP32-FARM-01,Ideal_Growth_Field,22-01-2026 17:00,54.76,6.68,24.51,26.47,68.54,1648,202.49,69.72,Valid
523,ESP32-FARM-01,Ideal_Growth_Field,22-01-2026 18:00,55.5,6.65,23.59,25.21,72.33,845,193.99,68.5,Valid
524,ESP32-FARM-01,Ideal_Growth_Field,22-01-2026 19:00,54.42,6.62,22.2,23.25,73.67,150,200.69,70.16,Valid
525,ESP32-FARM-01,Ideal_Growth_Field,22-01-2026 20:00,53.72,6.66,21.58,19.65,74.3,0,190.5,66.62,Valid
526,ESP32-FARM-01,Ideal_Growth_Field,22-01-2026 21:00,54.65,6.64,21.85,20.14,76.51,3,189.87,69.88,Valid
527,ESP32-FARM-01,Ideal_Growth_Field,22-01-2026 22:00,54.29,6.66,21.56,20.24,73.66,17,194.22,69.19,Valid
528,ESP32-FARM-01,Ideal_Growth_Field,22-01-2026 23:00,52.89,6.59,21.84,20.2,75.39,11,194.11,67.18,Valid
529,ESP32-FARM-01,Ideal_Growth_Field,23-01-2026 00:00,51.76,6.63,22.21,19.54,74.07,11,193.58,71.08,Valid
530,ESP32-FARM-01,Ideal_Growth_Field,23-01-2026 01:00,51.93,6.7,22.22,20.94,75.22,3,191.63,67.52,Valid
531,ESP32-FARM-01,Ideal_Growth_Field,23-01-2026 02:00,52.93,6.65,22.09,20.19,74.92,3,195.3,69.67,Valid
532,ESP32-FARM-01,Ideal_Growth_Field,23-01-2026 03:00,52.88,6.65,21.66,20.88,75.22,22,198.73,66.6,Valid
533,ESP32-FARM-01,Ideal_Growth_Field,23-01-2026 04:00,53.96,6.61,22.26,20.06,74.77,3,193.11,66.09,Valid
534,ESP32-FARM-01,Ideal_Growth_Field,23-01-2026 05:00,53.26,6.65,22.09,23.45,71.52,150,199.97,65.55,Valid
535,ESP32-FARM-01,Ideal_Growth_Field,23-01-2026 06:00,54.08,6.71,23.79,24.66,69.75,845,198.9,66.87,Valid
536,ESP32-FARM-01,Ideal_Growth_Field,23-01-2026 07:00,53.81,6.69,24.05,27.39,67,1648,205.05,69.55,Valid
537,ESP32-FARM-01,Ideal_Growth_Field,23-01-2026 08:00,54.72,6.63,26.18,28.61,65.53,2369,207.76,69.31,Valid
538,ESP32-FARM-01,Ideal_Growth_Field,23-01-2026 09:00,55.61,6.65,26.59,30.22,61.72,2970,211.71,69.26,Valid
539,ESP32-FARM-01,Ideal_Growth_Field,23-01-2026 10:00,53.71,6.67,27.59,31.31,59.08,3423,218.89,68.32,Valid
540,ESP32-FARM-01,Ideal_Growth_Field,23-01-2026 11:00,55.49,6.66,27.74,31.5,57.1,3704,221.85,66.78,Valid
541,ESP32-FARM-01,Ideal_Growth_Field,23-01-2026 12:00,54.29,6.7,28,32.13,57.38,3800,215.92,68.09,Valid
542,ESP32-FARM-01,Ideal_Growth_Field,23-01-2026 13:00,55.15,6.61,28.06,31.69,57.36,3704,218.29,70.75,Valid
543,ESP32-FARM-01,Ideal_Growth_Field,23-01-2026 14:00,55.06,6.64,27.73,30.39,55,3423,220.67,64.81,Valid
544,ESP32-FARM-01,Ideal_Growth_Field,23-01-2026 15:00,55.85,6.62,26.43,29.75,61.5,2970,213.21,67.8,Valid
545,ESP32-FARM-01,Ideal_Growth_Field,23-01-2026 16:00,55.65,6.71,25.56,28.69,65.24,2369,212.44,68.23,Valid
546,ESP32-FARM-01,Ideal_Growth_Field,23-01-2026 17:00,54.47,6.69,24.68,26.57,68.66,1648,203.95,67.11,Valid
547,ESP32-FARM-01,Ideal_Growth_Field,23-01-2026 18:00,56.06,6.69,22.84,25.51,69.54,845,200.25,68.69,Valid
548,ESP32-FARM-01,Ideal_Growth_Field,23-01-2026 19:00,54.69,6.73,22.37,22.7,74.26,150,195.53,67.62,Valid
549,ESP32-FARM-01,Ideal_Growth_Field,23-01-2026 20:00,54.64,6.63,22.53,19.53,75.86,5,190.77,68.86,Valid
550,ESP32-FARM-01,Ideal_Growth_Field,23-01-2026 21:00,52.75,6.65,21.96,19.35,75.8,8,191.54,68.66,Valid
551,ESP32-FARM-01,Ideal_Growth_Field,23-01-2026 22:00,53.48,6.64,22.29,18.98,75.91,3,190.13,65.7,Valid
552,ESP32-FARM-01,Ideal_Growth_Field,23-01-2026 23:00,53.28,6.75,22.09,19.52,72.88,13,194.06,67.03,Valid
553,ESP32-FARM-01,Ideal_Growth_Field,24-01-2026 00:00,51.32,6.68,21.92,19.97,72.81,4,192.39,69.39,Valid
554,ESP32-FARM-01,Ideal_Growth_Field,24-01-2026 01:00,52.44,6.64,21.91,19.64,75.44,24,195.55,69.27,Valid
555,ESP32-FARM-01,Ideal_Growth_Field,24-01-2026 02:00,53.17,6.65,21.77,19.88,75.29,2,194.4,69.26,Valid
556,ESP32-FARM-01,Ideal_Growth_Field,24-01-2026 03:00,52.32,6.67,21.9,19.91,75.63,22,196.93,68.2,Valid
557,ESP32-FARM-01,Ideal_Growth_Field,24-01-2026 04:00,53.52,6.73,22.01,20.11,75.3,3,193.43,70.25,Valid
558,ESP32-FARM-01,Ideal_Growth_Field,24-01-2026 05:00,54.97,6.7,22.56,23.25,76.94,150,201.32,67.11,Valid
559,ESP32-FARM-01,Ideal_Growth_Field,24-01-2026 06:00,54.94,6.66,23.4,25.32,69.87,845,201.44,70.07,Valid
560,ESP32-FARM-01,Ideal_Growth_Field,24-01-2026 07:00,53.94,6.61,24.22,26.58,68.2,1648,202.39,67.75,Valid
561,ESP32-FARM-01,Ideal_Growth_Field,24-01-2026 08:00,54.93,6.62,25.84,28.82,63.12,2369,212.32,69.05,Valid
562,ESP32-FARM-01,Ideal_Growth_Field,24-01-2026 09:00,51.95,6.64,27.67,30.13,59.99,2970,213.69,69.32,Valid
563,ESP32-FARM-01,Ideal_Growth_Field,24-01-2026 10:00,54.65,6.56,26.94,31.43,57.77,3423,216.76,65.98,Valid
564,ESP32-FARM-01,Ideal_Growth_Field,24-01-2026 11:00,53.61,6.66,28.02,31.79,58.48,3704,216.27,69.47,Valid
565,ESP32-FARM-01,Ideal_Growth_Field,24-01-2026 12:00,54.72,6.63,28.19,32.58,58.09,3800,223.48,65.35,Valid
566,ESP32-FARM-01,Ideal_Growth_Field,24-01-2026 13:00,55.07,6.7,27.36,31.91,60.3,3704,215.36,69.73,Valid
567,ESP32-FARM-01,Ideal_Growth_Field,24-01-2026 14:00,55.9,6.56,27.6,30.89,59.1,3423,215.38,68.51,Valid
568,ESP32-FARM-01,Ideal_Growth_Field,24-01-2026 15:00,55.4,6.62,26.81,30.03,59.41,2970,215.19,68.3,Valid
569,ESP32-FARM-01,Ideal_Growth_Field,24-01-2026 16:00,54.7,6.72,25.67,27.95,61.99,2369,210.38,68.37,Valid
570,ESP32-FARM-01,Ideal_Growth_Field,24-01-2026 17:00,54.61,6.66,24.63,26.87,68.19,1648,203.57,68.24,Valid
571,ESP32-FARM-01,Ideal_Growth_Field,24-01-2026 18:00,53.38,6.64,22.39,24.78,71.17,845,200.24,67.24,Valid
572,ESP32-FARM-01,Ideal_Growth_Field,24-01-2026 19:00,55.9,6.64,21.75,23.41,76.14,150,199.8,66.27,Valid
573,ESP32-FARM-01,Ideal_Growth_Field,24-01-2026 20:00,54.13,6.65,22.35,20.05,74.04,2,193.82,70.28,Valid
574,ESP32-FARM-01,Ideal_Growth_Field,24-01-2026 21:00,54.58,6.62,22.17,20.13,75.03,3,193.07,68.19,Valid
575,ESP32-FARM-01,Ideal_Growth_Field,24-01-2026 22:00,53.89,6.68,22.48,20.2,74.71,17,199.99,65.62,Valid
576,ESP32-FARM-01,Ideal_Growth_Field,24-01-2026 23:00,54.05,6.69,21.82,19.18,75.17,14,194.85,67.78,Valid
577,ESP32-FARM-01,Ideal_Growth_Field,25-01-2026 00:00,54.28,6.58,22.04,20.56,73.39,23,195.79,67.2,Valid
578,ESP32-FARM-01,Ideal_Growth_Field,25-01-2026 01:00,53.79,6.68,21.63,20.28,75.67,15,196.45,69.08,Valid
579,ESP32-FARM-01,Ideal_Growth_Field,25-01-2026 02:00,54.53,6.63,21.74,20.15,75.22,19,193.5,68.05,Valid
580,ESP32-FARM-01,Ideal_Growth_Field,25-01-2026 03:00,54.14,6.67,22.02,19.68,76.81,12,192.16,68.7,Valid
581,ESP32-FARM-01,Ideal_Growth_Field,25-01-2026 04:00,53.74,6.67,21.85,20.14,74.61,21,188.66,67.72,Valid
582,ESP32-FARM-01,Ideal_Growth_Field,25-01-2026 05:00,53.98,6.69,22.08,23.79,73.55,150,193.02,68.58,Valid
583,ESP32-FARM-01,Ideal_Growth_Field,25-01-2026 06:00,54.37,6.62,23.7,25.32,70.65,845,203.13,69.14,Valid
584,ESP32-FARM-01,Ideal_Growth_Field,25-01-2026 07:00,56.02,6.65,24.65,26.54,66.38,1648,206.17,68.58,Valid
585,ESP32-FARM-01,Ideal_Growth_Field,25-01-2026 08:00,54.64,6.67,26.21,28.97,64.32,2369,211.03,69.69,Valid
586,ESP32-FARM-01,Ideal_Growth_Field,25-01-2026 09:00,55,6.7,26.92,29.59,61.44,2970,213.5,67.08,Valid
587,ESP32-FARM-01,Ideal_Growth_Field,25-01-2026 10:00,53.52,6.71,28.02,31.5,59.78,3423,224.28,67.37,Valid
588,ESP32-FARM-01,Ideal_Growth_Field,25-01-2026 11:00,55.38,6.72,27.5,31.76,59.14,3704,220.54,69.46,Valid
589,ESP32-FARM-01,Ideal_Growth_Field,25-01-2026 12:00,55.99,6.61,28.31,32.37,56.45,3800,221.13,69.37,Valid
590,ESP32-FARM-01,Ideal_Growth_Field,25-01-2026 13:00,56.25,6.64,27.88,32.28,58.27,3704,222.27,67.11,Valid
591,ESP32-FARM-01,Ideal_Growth_Field,25-01-2026 14:00,55.79,6.64,27.78,31.02,57.92,3423,220.19,68.11,Valid
592,ESP32-FARM-01,Ideal_Growth_Field,25-01-2026 15:00,56.32,6.67,27.04,30.59,59.09,2970,218.21,66.24,Valid
593,ESP32-FARM-01,Ideal_Growth_Field,25-01-2026 16:00,54.75,6.64,25.91,28.27,63.42,2369,210.51,67.25,Valid
594,ESP32-FARM-01,Ideal_Growth_Field,25-01-2026 17:00,54.74,6.62,24.48,27.32,66.78,1648,205.37,69.69,Valid
595,ESP32-FARM-01,Ideal_Growth_Field,25-01-2026 18:00,54.59,6.69,23.26,25.24,69.54,845,205.3,64.64,Valid
596,ESP32-FARM-01,Ideal_Growth_Field,25-01-2026 19:00,55.84,6.7,21.9,23.12,75.58,150,194.14,69.46,Valid
597,ESP32-FARM-01,Ideal_Growth_Field,25-01-2026 20:00,54.63,6.65,22.3,20.19,74.57,13,193.66,70.22,Valid
598,ESP32-FARM-01,Ideal_Growth_Field,25-01-2026 21:00,54.9,6.58,22.21,19.81,73.37,3,198.89,66.5,Valid
599,ESP32-FARM-01,Ideal_Growth_Field,25-01-2026 22:00,54.16,6.73,22.34,19.96,76.4,9,196.56,67.49,Valid
600,ESP32-FARM-01,Ideal_Growth_Field,25-01-2026 23:00,53.46,6.69,21.77,20.07,74.1,12,192.19,65.86,Valid
601,ESP32-FARM-01,Ideal_Growth_Field,26-01-2026 00:00,52.33,6.72,21.72,20.46,74.9,7,191.57,67.08,Valid
602,ESP32-FARM-01,Ideal_Growth_Field,26-01-2026 01:00,52.31,6.63,22.03,20.02,76.4,18,193.7,69.78,Valid
603,ESP32-FARM-01,Ideal_Growth_Field,26-01-2026 02:00,52.26,6.71,21.7,19.05,75.14,4,198.52,71.25,Valid
604,ESP32-FARM-01,Ideal_Growth_Field,26-01-2026 03:00,53.31,6.65,22.26,19.8,75.92,5,197.57,67.55,Valid
605,ESP32-FARM-01,Ideal_Growth_Field,26-01-2026 04:00,54.07,6.64,22.05,19.88,74.95,19,192.21,68.44,Valid
606,ESP32-FARM-01,Ideal_Growth_Field,26-01-2026 05:00,53.58,6.69,22.31,23.01,75.64,150,194.58,69.99,Valid
607,ESP32-FARM-01,Ideal_Growth_Field,26-01-2026 06:00,53.35,6.62,23.46,25.23,71.71,845,195.63,65.96,Valid
608,ESP32-FARM-01,Ideal_Growth_Field,26-01-2026 07:00,54.28,6.64,24.26,27.22,68.69,1648,206.82,67.49,Valid
609,ESP32-FARM-01,Ideal_Growth_Field,26-01-2026 08:00,55.02,6.63,25.55,28.69,61.38,2369,213.47,68.16,Valid
610,ESP32-FARM-01,Ideal_Growth_Field,26-01-2026 09:00,54.78,6.62,26.16,30.04,61.45,2970,211.39,66.32,Valid
611,ESP32-FARM-01,Ideal_Growth_Field,26-01-2026 10:00,55.52,6.66,26.95,31.31,58.11,3423,218.22,67.46,Valid
612,ESP32-FARM-01,Ideal_Growth_Field,26-01-2026 11:00,55.19,6.73,27.56,31.31,57.42,3704,215.81,65.81,Valid
613,ESP32-FARM-01,Ideal_Growth_Field,26-01-2026 12:00,54.21,6.74,27.77,31.26,56.63,3800,216.65,67.28,Valid
614,ESP32-FARM-01,Ideal_Growth_Field,26-01-2026 13:00,54.53,6.63,27.62,31.64,55.31,3704,219.55,66.12,Valid
615,ESP32-FARM-01,Ideal_Growth_Field,26-01-2026 14:00,55.35,6.63,27.59,30.55,59.23,3423,209.46,69.5,Valid
616,ESP32-FARM-01,Ideal_Growth_Field,26-01-2026 15:00,56.43,6.67,26.31,29.48,59.47,2970,215.72,68.03,Valid
617,ESP32-FARM-01,Ideal_Growth_Field,26-01-2026 16:00,54.7,6.63,25.42,27.89,62.89,2369,208.4,66.97,Valid
618,ESP32-FARM-01,Ideal_Growth_Field,26-01-2026 17:00,55.83,6.69,24.92,26.27,68.47,1648,199.5,68.94,Valid
619,ESP32-FARM-01,Ideal_Growth_Field,26-01-2026 18:00,53.13,6.66,22.93,25.92,69.19,845,196.39,69.59,Valid
620,ESP32-FARM-01,Ideal_Growth_Field,26-01-2026 19:00,53.42,6.7,21.45,23.73,73.22,150,193.58,69.88,Valid
621,ESP32-FARM-01,Ideal_Growth_Field,26-01-2026 20:00,55.78,6.61,21.59,19.79,74.94,20,193.39,64.43,Valid
622,ESP32-FARM-01,Ideal_Growth_Field,26-01-2026 21:00,54.71,6.63,22.24,20.54,75.36,0,193.26,69.5,Valid
623,ESP32-FARM-01,Ideal_Growth_Field,26-01-2026 22:00,54.07,6.68,22.4,20.73,76.66,19,187.97,67.78,Valid
624,ESP32-FARM-01,Ideal_Growth_Field,26-01-2026 23:00,53.24,6.63,21.89,20.77,72.63,22,194.26,65.77,Valid
625,ESP32-FARM-01,Ideal_Growth_Field,27-01-2026 00:00,52.48,6.65,22.08,20.24,75.57,13,194.58,68.07,Valid
626,ESP32-FARM-01,Ideal_Growth_Field,27-01-2026 01:00,52.79,6.54,22.04,20.21,75.67,6,200.09,69.49,Valid
627,ESP32-FARM-01,Ideal_Growth_Field,27-01-2026 02:00,51.88,6.68,22.16,20.16,74.83,21,194.77,64.5,Valid
628,ESP32-FARM-01,Ideal_Growth_Field,27-01-2026 03:00,54.61,6.57,21.97,20.55,74.02,10,191.34,67.34,Valid
629,ESP32-FARM-01,Ideal_Growth_Field,27-01-2026 04:00,54.41,6.74,21.78,19.77,75.16,22,196.03,68.11,Valid
630,ESP32-FARM-01,Ideal_Growth_Field,27-01-2026 05:00,55.53,6.66,22.36,23.1,76.16,150,190.77,66.55,Valid
631,ESP32-FARM-01,Ideal_Growth_Field,27-01-2026 06:00,52.98,6.68,23.23,24.26,73.44,845,196.99,67.75,Valid
632,ESP32-FARM-01,Ideal_Growth_Field,27-01-2026 07:00,55.61,6.64,24.93,26.3,69.49,1648,209,71.55,Valid
633,ESP32-FARM-01,Ideal_Growth_Field,27-01-2026 08:00,53.77,6.58,25.73,28.41,63.48,2369,212.69,68.7,Valid
634,ESP32-FARM-01,Ideal_Growth_Field,27-01-2026 09:00,54.91,6.72,26.95,29.33,60.21,2970,216.99,70.22,Valid
635,ESP32-FARM-01,Ideal_Growth_Field,27-01-2026 10:00,55.49,6.64,27.63,30.39,57.35,3423,216.4,66.09,Valid
636,ESP32-FARM-01,Ideal_Growth_Field,27-01-2026 11:00,54.81,6.64,27.4,31.3,57.19,3704,223.52,68.97,Valid
637,ESP32-FARM-01,Ideal_Growth_Field,27-01-2026 12:00,54.96,6.64,28.07,31.42,56.51,3800,222.53,67.86,Valid
638,ESP32-FARM-01,Ideal_Growth_Field,27-01-2026 13:00,55.39,6.68,27.54,31.64,56.1,3704,223.94,69.19,Valid
639,ESP32-FARM-01,Ideal_Growth_Field,27-01-2026 14:00,53.64,6.64,27.02,31.43,58.68,3423,220.63,68.43,Valid
640,ESP32-FARM-01,Ideal_Growth_Field,27-01-2026 15:00,54.86,6.6,26.83,29.9,60.37,2970,214.06,69.17,Valid
641,ESP32-FARM-01,Ideal_Growth_Field,27-01-2026 16:00,54.66,6.66,25.85,29.06,64.48,2369,212.85,68.82,Valid
642,ESP32-FARM-01,Ideal_Growth_Field,27-01-2026 17:00,55.13,6.65,25.22,26.95,67.35,1648,203.95,65.74,Valid
643,ESP32-FARM-01,Ideal_Growth_Field,27-01-2026 18:00,54.22,6.73,23.5,24.66,69.09,845,198.77,69.98,Valid
644,ESP32-FARM-01,Ideal_Growth_Field,27-01-2026 19:00,54.98,6.73,21.76,23.53,72.98,150,191.47,67.52,Valid
645,ESP32-FARM-01,Ideal_Growth_Field,27-01-2026 20:00,52.45,6.67,22.44,20.1,75.69,21,198.88,64.06,Valid
646,ESP32-FARM-01,Ideal_Growth_Field,27-01-2026 21:00,54.43,6.69,22.04,19.87,76.65,13,195.1,67.8,Valid
647,ESP32-FARM-01,Ideal_Growth_Field,27-01-2026 22:00,53.92,6.67,22.12,20.45,74.59,17,194.3,69.02,Valid
648,ESP32-FARM-01,Ideal_Growth_Field,27-01-2026 23:00,52.51,6.59,22.47,20.42,76.31,6,192.52,69.23,Valid
649,ESP32-FARM-01,Ideal_Growth_Field,28-01-2026 00:00,51.69,6.62,21.9,19.17,74.2,21,193.1,69.35,Valid
650,ESP32-FARM-01,Ideal_Growth_Field,28-01-2026 01:00,51.77,6.58,21.85,20.4,75.47,1,193.89,68.92,Valid
651,ESP32-FARM-01,Ideal_Growth_Field,28-01-2026 02:00,53.38,6.63,22.06,19.7,72.46,4,200.75,70.08,Valid
652,ESP32-FARM-01,Ideal_Growth_Field,28-01-2026 03:00,54.75,6.72,21.76,19.75,76.03,20,199.64,68.12,Valid
653,ESP32-FARM-01,Ideal_Growth_Field,28-01-2026 04:00,54.25,6.58,22.25,19.5,72.2,13,200.51,68.97,Valid
654,ESP32-FARM-01,Ideal_Growth_Field,28-01-2026 05:00,53.44,6.55,22.17,22.94,73.82,150,200.16,67.36,Valid
655,ESP32-FARM-01,Ideal_Growth_Field,28-01-2026 06:00,53.9,6.58,23.5,25.46,69.12,845,199.15,66.18,Valid
656,ESP32-FARM-01,Ideal_Growth_Field,28-01-2026 07:00,54.64,6.61,24.48,26.2,66.6,1648,203.98,69.32,Valid
657,ESP32-FARM-01,Ideal_Growth_Field,28-01-2026 08:00,54.6,6.66,25.55,29.34,65.07,2369,205.03,65.88,Valid
658,ESP32-FARM-01,Ideal_Growth_Field,28-01-2026 09:00,53.62,6.62,27.18,29.78,60.15,2970,216.5,66.9,Valid
659,ESP32-FARM-01,Ideal_Growth_Field,28-01-2026 10:00,54.15,6.68,27.02,31.43,59.52,3423,221.16,67.25,Valid
660,ESP32-FARM-01,Ideal_Growth_Field,28-01-2026 11:00,55.68,6.66,27.75,31.85,57.12,3704,223.53,67.35,Valid
661,ESP32-FARM-01,Ideal_Growth_Field,28-01-2026 12:00,54.84,6.72,28.16,31.66,55,3800,217.71,71.5,Valid
662,ESP32-FARM-01,Ideal_Growth_Field,28-01-2026 13:00,55.98,6.57,27.76,31,58.06,3704,215.54,66.58,Valid
663,ESP32-FARM-01,Ideal_Growth_Field,28-01-2026 14:00,54.94,6.62,27.76,31.01,60.67,3423,214.35,67.18,Valid
664,ESP32-FARM-01,Ideal_Growth_Field,28-01-2026 15:00,55.57,6.64,27.11,30.41,60.1,2970,216.76,66.31,Valid
665,ESP32-FARM-01,Ideal_Growth_Field,28-01-2026 16:00,54.31,6.69,25.21,28.15,67.84,2369,206.55,67.77,Valid
666,ESP32-FARM-01,Ideal_Growth_Field,28-01-2026 17:00,54.64,6.68,24.66,27.28,67.8,1648,204.5,68.4,Valid
667,ESP32-FARM-01,Ideal_Growth_Field,28-01-2026 18:00,55.74,6.67,23.11,24.08,71.22,845,201.35,67.77,Valid
668,ESP32-FARM-01,Ideal_Growth_Field,28-01-2026 19:00,54.7,6.66,22.55,23.25,75.03,150,201.58,66.5,Valid
669,ESP32-FARM-01,Ideal_Growth_Field,28-01-2026 20:00,53.75,6.68,22.02,20.69,74.53,22,200.38,68.93,Valid
670,ESP32-FARM-01,Ideal_Growth_Field,28-01-2026 21:00,54.39,6.64,21.75,20.56,74.84,6,191.94,69.08,Valid
671,ESP32-FARM-01,Ideal_Growth_Field,28-01-2026 22:00,53.3,6.62,22.26,19.88,75.5,16,193.22,66.85,Valid
672,ESP32-FARM-01,Ideal_Growth_Field,28-01-2026 23:00,52.94,6.67,22.8,20.17,74.54,2,194.52,66.8,Valid
673,ESP32-FARM-01,Ideal_Growth_Field,29-01-2026 00:00,52.53,6.61,22.58,19.73,76.3,0,195.59,68.44,Valid
674,ESP32-FARM-01,Ideal_Growth_Field,29-01-2026 01:00,53.09,6.65,22.46,19.96,75.49,15,190.46,67.48,Valid
675,ESP32-FARM-01,Ideal_Growth_Field,29-01-2026 02:00,53.22,6.65,22.33,20.07,76.02,5,195.91,67.59,Valid
676,ESP32-FARM-01,Ideal_Growth_Field,29-01-2026 03:00,52.42,6.71,22,19.84,75.45,18,195.36,68.59,Valid
677,ESP32-FARM-01,Ideal_Growth_Field,29-01-2026 04:00,55.54,6.63,21.59,20.03,74.68,21,197.87,67.12,Valid
678,ESP32-FARM-01,Ideal_Growth_Field,29-01-2026 05:00,54.82,6.68,22.12,23.9,73.47,150,199.27,67.55,Valid
679,ESP32-FARM-01,Ideal_Growth_Field,29-01-2026 06:00,55.32,6.7,23.51,25.02,73.58,845,200.33,65.93,Valid
680,ESP32-FARM-01,Ideal_Growth_Field,29-01-2026 07:00,53.7,6.66,25.08,26.93,66.69,1648,209.07,70.56,Valid
681,ESP32-FARM-01,Ideal_Growth_Field,29-01-2026 08:00,54.72,6.61,25.17,28.74,63.85,2369,215.74,67.69,Valid
682,ESP32-FARM-01,Ideal_Growth_Field,29-01-2026 09:00,55.25,6.7,26.32,29.8,61.83,2970,212.64,66.37,Valid
683,ESP32-FARM-01,Ideal_Growth_Field,29-01-2026 10:00,53.94,6.63,27.51,31.38,56.71,3423,218.04,70.48,Valid
684,ESP32-FARM-01,Ideal_Growth_Field,29-01-2026 11:00,54.8,6.64,28.06,31.97,57.99,3704,218.31,71.81,Valid
685,ESP32-FARM-01,Ideal_Growth_Field,29-01-2026 12:00,56.29,6.67,28.4,32.34,58.08,3800,219.72,65.81,Valid
686,ESP32-FARM-01,Ideal_Growth_Field,29-01-2026 13:00,55.12,6.7,27.48,31.72,56.38,3704,225.22,67.81,Valid
687,ESP32-FARM-01,Ideal_Growth_Field,29-01-2026 14:00,55.41,6.67,27.41,30.85,59.9,3423,218.51,66.52,Valid
688,ESP32-FARM-01,Ideal_Growth_Field,29-01-2026 15:00,54.07,6.66,26.29,30.17,63.34,2970,209.38,67.18,Valid
689,ESP32-FARM-01,Ideal_Growth_Field,29-01-2026 16:00,54.88,6.61,25.67,28.42,62.04,2369,218.34,67.83,Valid
690,ESP32-FARM-01,Ideal_Growth_Field,29-01-2026 17:00,55.01,6.63,24.91,26.86,68.71,1648,201.93,67.29,Valid
691,ESP32-FARM-01,Ideal_Growth_Field,29-01-2026 18:00,52.58,6.64,23.46,24.56,71.31,845,199.44,68.52,Valid
692,ESP32-FARM-01,Ideal_Growth_Field,29-01-2026 19:00,56.22,6.63,21.46,23.78,75.55,150,193.98,66.85,Valid
693,ESP32-FARM-01,Ideal_Growth_Field,29-01-2026 20:00,53.59,6.63,22.23,20.05,74.3,18,199.07,67.3,Valid
694,ESP32-FARM-01,Ideal_Growth_Field,29-01-2026 21:00,54.2,6.61,21.74,20.13,75.11,7,191.53,65.89,Valid
695,ESP32-FARM-01,Ideal_Growth_Field,29-01-2026 22:00,53.28,6.64,22.19,20.3,74.81,24,190.65,68.78,Valid
696,ESP32-FARM-01,Ideal_Growth_Field,29-01-2026 23:00,53.3,6.67,21.94,20.33,75.02,12,198.28,70.31,Valid
697,ESP32-FARM-01,Ideal_Growth_Field,30-01-2026 00:00,52.54,6.58,22.18,19.83,75.54,2,192.64,66.14,Valid
698,ESP32-FARM-01,Ideal_Growth_Field,30-01-2026 01:00,52.94,6.68,22.1,19.45,74.87,13,197.08,68.82,Valid
699,ESP32-FARM-01,Ideal_Growth_Field,30-01-2026 02:00,53.42,6.69,22.31,19.46,74.8,14,193.34,65.5,Valid
700,ESP32-FARM-01,Ideal_Growth_Field,30-01-2026 03:00,53.26,6.7,22.18,20.37,76.2,17,194.88,67.62,Valid
701,ESP32-FARM-01,Ideal_Growth_Field,30-01-2026 04:00,54.21,6.63,21.99,20.41,74.19,17,194.47,69.6,Valid
702,ESP32-FARM-01,Ideal_Growth_Field,30-01-2026 05:00,53.18,6.67,22.13,23.35,76.28,150,196.55,69.55,Valid
703,ESP32-FARM-01,Ideal_Growth_Field,30-01-2026 06:00,54.63,6.52,22.76,25.37,71.06,845,199.18,68.91,Valid
704,ESP32-FARM-01,Ideal_Growth_Field,30-01-2026 07:00,54.5,6.71,24.67,26.92,67.71,1648,205.1,68.88,Valid
705,ESP32-FARM-01,Ideal_Growth_Field,30-01-2026 08:00,55.93,6.7,26.3,29.2,62.92,2369,208,66.25,Valid
706,ESP32-FARM-01,Ideal_Growth_Field,30-01-2026 09:00,55.28,6.68,27.07,30.32,63.32,2970,212.25,67.47,Valid
707,ESP32-FARM-01,Ideal_Growth_Field,30-01-2026 10:00,54.6,6.72,27.29,31.1,60.13,3423,213.14,67.9,Valid
708,ESP32-FARM-01,Ideal_Growth_Field,30-01-2026 11:00,54.78,6.69,28.05,31.03,56.62,3704,218.67,68.3,Valid
709,ESP32-FARM-01,Ideal_Growth_Field,30-01-2026 12:00,54.59,6.66,28.39,32.12,55.14,3800,222.55,67.47,Valid
710,ESP32-FARM-01,Ideal_Growth_Field,30-01-2026 13:00,54.16,6.67,28.22,32.3,55.78,3704,224.93,67.44,Valid
711,ESP32-FARM-01,Ideal_Growth_Field,30-01-2026 14:00,53.13,6.59,28.02,30.88,60.12,3423,216.04,64.25,Valid
712,ESP32-FARM-01,Ideal_Growth_Field,30-01-2026 15:00,56.52,6.69,26.43,29.35,61.03,2970,217.35,67.36,Valid
713,ESP32-FARM-01,Ideal_Growth_Field,30-01-2026 16:00,54.52,6.71,25.89,28.46,63.89,2369,213.06,67.76,Valid
714,ESP32-FARM-01,Ideal_Growth_Field,30-01-2026 17:00,54.92,6.68,24.46,27.89,66.02,1648,207.01,66.04,Valid
715,ESP32-FARM-01,Ideal_Growth_Field,30-01-2026 18:00,54.87,6.61,22.79,25,71.56,845,209.76,67.26,Valid
716,ESP32-FARM-01,Ideal_Growth_Field,30-01-2026 19:00,55.12,6.66,22.19,23.68,72.65,150,202.01,68.91,Valid
717,ESP32-FARM-01,Ideal_Growth_Field,30-01-2026 20:00,53.13,6.67,21.52,20.62,73.91,10,198.11,68.42,Valid
718,ESP32-FARM-01,Ideal_Growth_Field,30-01-2026 21:00,53.8,6.65,21.67,20.15,75.23,7,193.68,72.9,Valid
719,ESP32-FARM-01,Ideal_Growth_Field,30-01-2026 22:00,54.82,6.72,22.24,19.09,73.65,17,190.23,69.03,Valid
720,ESP32-FARM-01,Ideal_Growth_Field,30-01-2026 23:00,53.49,6.63,21.71,19.97,74.59,23,189.93,67.77,Valid
721,ESP32-FARM-01,Ideal_Growth_Field,31-01-2026 00:00,52.26,6.62,21.3,19.56,75.94,14,194.74,68.46,Valid
722,ESP32-FARM-01,Ideal_Growth_Field,31-01-2026 01:00,54.21,6.61,21.71,20.41,74.72,19,191.64,69.8,Valid
723,ESP32-FARM-01,Ideal_Growth_Field,31-01-2026 02:00,52.92,6.67,21.47,20.05,74.63,8,193.59,65.73,Valid
724,ESP32-FARM-01,Ideal_Growth_Field,31-01-2026 03:00,54.12,6.68,21.78,19.6,75.62,23,194.58,69.05,Valid
725,ESP32-FARM-01,Ideal_Growth_Field,31-01-2026 04:00,54.66,6.67,22.42,19.95,75.44,0,188.96,68.42,Valid
726,ESP32-FARM-01,Ideal_Growth_Field,31-01-2026 05:00,54.53,6.68,21.88,23.22,74.87,150,192.59,63.93,Valid
727,ESP32-FARM-01,Ideal_Growth_Field,31-01-2026 06:00,54.57,6.64,23.23,25.73,71.04,845,194.81,69.9,Valid
728,ESP32-FARM-01,Ideal_Growth_Field,31-01-2026 07:00,55.24,6.63,24.55,26.47,68.87,1648,204.73,68.94,Valid
729,ESP32-FARM-01,Ideal_Growth_Field,31-01-2026 08:00,54.46,6.68,26.11,29.52,65.18,2369,210.96,67.26,Valid
730,ESP32-FARM-01,Ideal_Growth_Field,31-01-2026 09:00,53.48,6.66,27.37,29.47,60.85,2970,209.41,68.65,Valid
731,ESP32-FARM-01,Ideal_Growth_Field,31-01-2026 10:00,54.8,6.72,27.24,30.79,57.53,3423,217.9,67.11,Valid
732,ESP32-FARM-01,Ideal_Growth_Field,31-01-2026 11:00,55.97,6.65,27.76,31.75,57.91,3704,219.97,67.58,Valid
733,ESP32-FARM-01,Ideal_Growth_Field,31-01-2026 12:00,53.96,6.6,28.16,32.16,57.91,3800,220.76,68.26,Valid
734,ESP32-FARM-01,Ideal_Growth_Field,31-01-2026 13:00,54.44,6.68,27.89,31.85,58.29,3704,221.06,65.04,Valid
735,ESP32-FARM-01,Ideal_Growth_Field,31-01-2026 14:00,55.41,6.67,26.81,30.82,59.57,3423,215.41,68.84,Valid
736,ESP32-FARM-01,Ideal_Growth_Field,31-01-2026 15:00,54.62,6.66,26.47,29.99,61.43,2970,215.98,69.87,Valid
737,ESP32-FARM-01,Ideal_Growth_Field,31-01-2026 16:00,55.22,6.64,25.84,29.11,63.64,2369,212.24,66.81,Valid
738,ESP32-FARM-01,Ideal_Growth_Field,31-01-2026 17:00,54.64,6.71,24.33,27.04,69.59,1648,212.01,68.48,Valid
739,ESP32-FARM-01,Ideal_Growth_Field,31-01-2026 18:00,55.75,6.68,23.04,24.48,70.31,845,201.96,65.62,Valid
740,ESP32-FARM-01,Ideal_Growth_Field,31-01-2026 19:00,54.16,6.64,21.98,23.55,73.22,150,204.24,70.29,Valid
741,ESP32-FARM-01,Ideal_Growth_Field,31-01-2026 20:00,54.35,6.67,22.31,19.94,74.33,11,198.64,69.61,Valid
742,ESP32-FARM-01,Ideal_Growth_Field,31-01-2026 21:00,53.73,6.69,22.23,20.12,75.07,11,192.4,67.68,Valid
743,ESP32-FARM-01,Ideal_Growth_Field,31-01-2026 22:00,53.78,6.68,22.43,19.6,74.34,10,195.02,70.52,Valid
744,ESP32-FARM-01,Ideal_Growth_Field,31-01-2026 23:00,53.63,6.6,21.9,19.64,75.56,12,194.2,69.31,Valid
745,ESP32-FARM-01,Ideal_Growth_Field,01-02-2026 00:00,51.71,6.62,22.25,19.88,73.73,22,194.73,67.83,Valid
746,ESP32-FARM-01,Ideal_Growth_Field,01-02-2026 01:00,52.72,6.64,21.79,20.75,73.98,12,193.46,65.89,Valid
747,ESP32-FARM-01,Ideal_Growth_Field,01-02-2026 02:00,53.38,6.65,21.7,19.6,76.61,17,199.03,66.86,Valid
748,ESP32-FARM-01,Ideal_Growth_Field,01-02-2026 03:00,52.32,6.73,21.63,20.01,75.99,15,194.96,69.43,Valid
749,ESP32-FARM-01,Ideal_Growth_Field,01-02-2026 04:00,53.89,6.66,21.99,19.66,74.97,17,194.85,69.75,Valid
750,ESP32-FARM-01,Ideal_Growth_Field,01-02-2026 05:00,53.21,6.61,22.64,23,74.38,150,196.66,69.03,Valid
751,ESP32-FARM-01,Ideal_Growth_Field,01-02-2026 06:00,55.07,6.68,23.39,25.18,72.65,845,193.89,70.07,Valid
752,ESP32-FARM-01,Ideal_Growth_Field,01-02-2026 07:00,54.34,6.67,24.97,27.83,67.47,1648,204.47,68.51,Valid
753,ESP32-FARM-01,Ideal_Growth_Field,01-02-2026 08:00,54.8,6.6,25.82,28.54,62.48,2369,213.52,70.3,Valid
754,ESP32-FARM-01,Ideal_Growth_Field,01-02-2026 09:00,55.84,6.66,26.51,29.76,63.63,2970,215.84,68.86,Valid
755,ESP32-FARM-01,Ideal_Growth_Field,01-02-2026 10:00,53.83,6.68,27.75,31.36,59.61,3423,213.19,67.1,Valid
756,ESP32-FARM-01,Ideal_Growth_Field,01-02-2026 11:00,54.87,6.65,27.62,32.19,57.67,3704,220.84,67.69,Valid
757,ESP32-FARM-01,Ideal_Growth_Field,01-02-2026 12:00,55.05,6.65,27.78,31.98,57.67,3800,218.46,66.63,Valid
758,ESP32-FARM-01,Ideal_Growth_Field,01-02-2026 13:00,54.87,6.65,27.76,31.77,55.42,3704,219.18,66.56,Valid
759,ESP32-FARM-01,Ideal_Growth_Field,01-02-2026 14:00,54.81,6.65,27.36,31.28,59.31,3423,220.27,68.84,Valid
760,ESP32-FARM-01,Ideal_Growth_Field,01-02-2026 15:00,55.06,6.64,27.1,30.56,60.12,2970,212.84,69.77,Valid
761,ESP32-FARM-01,Ideal_Growth_Field,01-02-2026 16:00,55.42,6.67,25.67,28.07,65.34,2369,216.39,64.47,Valid
762,ESP32-FARM-01,Ideal_Growth_Field,01-02-2026 17:00,54.23,6.61,24.5,26.7,64.58,1648,204.71,65.2,Valid
763,ESP32-FARM-01,Ideal_Growth_Field,01-02-2026 18:00,55.33,6.67,22.99,25.45,71.02,845,202.42,67.38,Valid
764,ESP32-FARM-01,Ideal_Growth_Field,01-02-2026 19:00,54.01,6.6,22.61,23.09,75.87,150,196.19,66.18,Valid
765,ESP32-FARM-01,Ideal_Growth_Field,01-02-2026 20:00,53.52,6.58,22.47,20.17,74.57,22,195.2,67.86,Valid
766,ESP32-FARM-01,Ideal_Growth_Field,01-02-2026 21:00,54.77,6.68,21.59,20.03,75.92,8,195.62,66.26,Valid
767,ESP32-FARM-01,Ideal_Growth_Field,01-02-2026 22:00,53.47,6.66,21.96,20.08,73.86,23,196.38,67.56,Valid
768,ESP32-FARM-01,Ideal_Growth_Field,01-02-2026 23:00,54.84,6.65,22.5,20.12,74.79,20,193.98,70.13,Valid
769,ESP32-FARM-01,Ideal_Growth_Field,02-02-2026 00:00,52.98,6.7,21.71,20.08,75.2,19,193.88,67.19,Valid
770,ESP32-FARM-01,Ideal_Growth_Field,02-02-2026 01:00,51.55,6.59,22.3,19.65,74.75,19,198.88,68.32,Valid
771,ESP32-FARM-01,Ideal_Growth_Field,02-02-2026 02:00,53.9,6.62,21.83,19.74,73.78,12,188.27,67.05,Valid
772,ESP32-FARM-01,Ideal_Growth_Field,02-02-2026 03:00,52.96,6.63,22.12,19.71,76.55,16,190.26,70,Valid
773,ESP32-FARM-01,Ideal_Growth_Field,02-02-2026 04:00,54.72,6.63,22.32,18.94,75.67,12,195.94,65.69,Valid
774,ESP32-FARM-01,Ideal_Growth_Field,02-02-2026 05:00,53.32,6.63,21.73,23.18,74.29,150,194.42,69.41,Valid
775,ESP32-FARM-01,Ideal_Growth_Field,02-02-2026 06:00,54.14,6.61,23.38,25.31,70.29,845,203.8,67.97,Valid
776,ESP32-FARM-01,Ideal_Growth_Field,02-02-2026 07:00,53.36,6.63,24.53,26.86,67.66,1648,206.58,67.78,Valid
777,ESP32-FARM-01,Ideal_Growth_Field,02-02-2026 08:00,55.65,6.69,25.75,28.66,63.52,2369,204.51,67,Valid
778,ESP32-FARM-01,Ideal_Growth_Field,02-02-2026 09:00,54.07,6.63,26.34,30.64,59.78,2970,215.85,68.58,Valid
779,ESP32-FARM-01,Ideal_Growth_Field,02-02-2026 10:00,53.74,6.64,27.06,31.07,58.59,3423,219.48,71.86,Valid
780,ESP32-FARM-01,Ideal_Growth_Field,02-02-2026 11:00,54.08,6.6,28.08,31.22,55.59,3704,217.96,65.73,Valid
781,ESP32-FARM-01,Ideal_Growth_Field,02-02-2026 12:00,55.79,6.57,28.07,31.92,56.1,3800,218.57,66.45,Valid
782,ESP32-FARM-01,Ideal_Growth_Field,02-02-2026 13:00,56.62,6.69,27.76,31.32,58.03,3704,216.75,67.26,Valid
783,ESP32-FARM-01,Ideal_Growth_Field,02-02-2026 14:00,54.69,6.68,27.4,30.84,59.17,3423,219.25,65.57,Valid
784,ESP32-FARM-01,Ideal_Growth_Field,02-02-2026 15:00,54.09,6.65,26.63,29.71,60.74,2970,221.04,68.76,Valid
785,ESP32-FARM-01,Ideal_Growth_Field,02-02-2026 16:00,54.49,6.64,25.97,28.77,64.62,2369,212.03,68.21,Valid
786,ESP32-FARM-01,Ideal_Growth_Field,02-02-2026 17:00,54.73,6.65,24.84,27.01,67.82,1648,204.3,69.72,Valid
787,ESP32-FARM-01,Ideal_Growth_Field,02-02-2026 18:00,52.79,6.6,22.83,24.51,70.5,845,203.88,66.93,Valid
788,ESP32-FARM-01,Ideal_Growth_Field,02-02-2026 19:00,53.56,6.6,22.39,23.53,75.02,150,194.84,69.22,Valid
789,ESP32-FARM-01,Ideal_Growth_Field,02-02-2026 20:00,54.76,6.61,21.5,19.99,73.89,2,191.79,67.33,Valid
790,ESP32-FARM-01,Ideal_Growth_Field,02-02-2026 21:00,53.41,6.65,22.16,20.16,74.96,5,199.83,67.49,Valid
791,ESP32-FARM-01,Ideal_Growth_Field,02-02-2026 22:00,53.69,6.68,21.72,20.31,72.8,9,194.5,68.79,Valid
792,ESP32-FARM-01,Ideal_Growth_Field,02-02-2026 23:00,52.39,6.6,22.58,19.8,74.92,4,190.04,68.45,Valid
793,ESP32-FARM-01,Ideal_Growth_Field,03-02-2026 00:00,52.47,6.61,22.05,20.14,75.6,9,192.31,68.13,Valid
794,ESP32-FARM-01,Ideal_Growth_Field,03-02-2026 01:00,51.95,6.62,21.99,20.01,71.88,18,197.44,68.92,Valid
795,ESP32-FARM-01,Ideal_Growth_Field,03-02-2026 02:00,53.85,6.69,22.04,19.91,76.42,3,194.57,69.29,Valid
796,ESP32-FARM-01,Ideal_Growth_Field,03-02-2026 03:00,53.2,6.68,21.82,20.26,74.07,5,193.32,70.79,Valid
797,ESP32-FARM-01,Ideal_Growth_Field,03-02-2026 04:00,52.68,6.69,21.61,19.37,76.11,5,198.48,68.37,Valid
798,ESP32-FARM-01,Ideal_Growth_Field,03-02-2026 05:00,54.2,6.57,22.38,24.05,73.97,150,196.77,68.21,Valid
799,ESP32-FARM-01,Ideal_Growth_Field,03-02-2026 06:00,54.38,6.64,23.59,25.24,70.87,845,198.81,68.26,Valid
800,ESP32-FARM-01,Ideal_Growth_Field,03-02-2026 07:00,54.5,6.65,24.69,27.13,67.12,1648,201.74,70.18,Valid
801,ESP32-FARM-01,Ideal_Growth_Field,03-02-2026 08:00,54.04,6.58,25.35,28.53,63.97,2369,216.26,67.49,Valid
802,ESP32-FARM-01,Ideal_Growth_Field,03-02-2026 09:00,54.27,6.7,26.6,30.63,63.66,2970,218.82,72.32,Valid
803,ESP32-FARM-01,Ideal_Growth_Field,03-02-2026 10:00,54.84,6.72,28.24,30.69,59.14,3423,219.45,67.44,Valid
804,ESP32-FARM-01,Ideal_Growth_Field,03-02-2026 11:00,55.24,6.65,27.35,31.19,58.55,3704,226.15,67.69,Valid
805,ESP32-FARM-01,Ideal_Growth_Field,03-02-2026 12:00,55.34,6.71,27.53,31.75,55.67,3800,220.85,69.91,Valid
806,ESP32-FARM-01,Ideal_Growth_Field,03-02-2026 13:00,56.05,6.7,28.02,32.4,56.45,3704,212.49,67.19,Valid
807,ESP32-FARM-01,Ideal_Growth_Field,03-02-2026 14:00,56.49,6.66,27.52,31.83,58.01,3423,215.92,68.26,Valid
808,ESP32-FARM-01,Ideal_Growth_Field,03-02-2026 15:00,54.78,6.65,26.72,30.12,61.04,2970,216.1,69.71,Valid
809,ESP32-FARM-01,Ideal_Growth_Field,03-02-2026 16:00,56.4,6.66,25.36,28.63,63.07,2369,213.82,68.42,Valid
810,ESP32-FARM-01,Ideal_Growth_Field,03-02-2026 17:00,53.93,6.64,24.58,26.45,67.42,1648,206.26,66.73,Valid
811,ESP32-FARM-01,Ideal_Growth_Field,03-02-2026 18:00,54.43,6.67,23.25,25.52,72.86,845,198.67,65.38,Valid
812,ESP32-FARM-01,Ideal_Growth_Field,03-02-2026 19:00,56.72,6.65,22.27,23.44,75.28,150,204.43,69.24,Valid
813,ESP32-FARM-01,Ideal_Growth_Field,03-02-2026 20:00,54.38,6.68,22.52,19.78,74.13,9,196.43,66.93,Valid
814,ESP32-FARM-01,Ideal_Growth_Field,03-02-2026 21:00,54.35,6.71,21.9,19.45,72.05,4,193.11,66.9,Valid
815,ESP32-FARM-01,Ideal_Growth_Field,03-02-2026 22:00,54.11,6.63,21.82,20.94,76.34,3,195.97,69.78,Valid
816,ESP32-FARM-01,Ideal_Growth_Field,03-02-2026 23:00,53.63,6.64,22.66,19.67,74.94,15,198.48,68.73,Valid
817,ESP32-FARM-01,Ideal_Growth_Field,04-02-2026 00:00,51.94,6.63,21.88,20.34,73.42,9,197.12,67.21,Valid
818,ESP32-FARM-01,Ideal_Growth_Field,04-02-2026 01:00,53.41,6.66,22.14,20.07,74.28,9,194.37,69.09,Valid
819,ESP32-FARM-01,Ideal_Growth_Field,04-02-2026 02:00,52.89,6.62,22.04,19.92,76.64,10,192.23,69.19,Valid
820,ESP32-FARM-01,Ideal_Growth_Field,04-02-2026 03:00,53.99,6.64,22.11,20.13,75.48,18,196.16,68.25,Valid
821,ESP32-FARM-01,Ideal_Growth_Field,04-02-2026 04:00,53.32,6.61,22.25,20.23,72.72,20,200.55,68.89,Valid
822,ESP32-FARM-01,Ideal_Growth_Field,04-02-2026 05:00,54.87,6.64,22.78,22.7,74.24,150,197.69,67.99,Valid
823,ESP32-FARM-01,Ideal_Growth_Field,04-02-2026 06:00,55.86,6.69,23.23,25.09,72.57,845,201.88,70.08,Valid
824,ESP32-FARM-01,Ideal_Growth_Field,04-02-2026 07:00,55.17,6.66,24.32,26.88,66.94,1648,209.73,69.05,Valid
825,ESP32-FARM-01,Ideal_Growth_Field,04-02-2026 08:00,54.34,6.63,25.82,28.16,63.79,2369,210.54,67.68,Valid
826,ESP32-FARM-01,Ideal_Growth_Field,04-02-2026 09:00,54.96,6.62,26.43,30.37,63.82,2970,215.23,69.26,Valid
827,ESP32-FARM-01,Ideal_Growth_Field,04-02-2026 10:00,55.16,6.68,27.08,31.64,58.33,3423,220.06,68.51,Valid
828,ESP32-FARM-01,Ideal_Growth_Field,04-02-2026 11:00,54.87,6.61,27.74,32.08,55.7,3704,217.31,69.2,Valid
829,ESP32-FARM-01,Ideal_Growth_Field,04-02-2026 12:00,55.33,6.73,27.88,31.81,56.89,3800,223.44,67.93,Valid
830,ESP32-FARM-01,Ideal_Growth_Field,04-02-2026 13:00,56.28,6.64,28.16,31.4,58.1,3704,218.95,68.89,Valid
831,ESP32-FARM-01,Ideal_Growth_Field,04-02-2026 14:00,54.06,6.59,27.75,30.94,58.31,3423,218.52,68.74,Valid
832,ESP32-FARM-01,Ideal_Growth_Field,04-02-2026 15:00,55.4,6.66,26.81,29.93,59.53,2970,216.53,68.02,Valid
833,ESP32-FARM-01,Ideal_Growth_Field,04-02-2026 16:00,54.3,6.66,25.43,28.65,65.01,2369,217.08,65.5,Valid
834,ESP32-FARM-01,Ideal_Growth_Field,04-02-2026 17:00,55.07,6.65,24.93,26.54,64.59,1648,204.58,64.83,Valid
835,ESP32-FARM-01,Ideal_Growth_Field,04-02-2026 18:00,52.85,6.59,23.05,24.71,71.45,845,196.67,69.32,Valid
836,ESP32-FARM-01,Ideal_Growth_Field,04-02-2026 19:00,53.81,6.61,21.82,23.4,74.92,150,196.17,68.56,Valid
837,ESP32-FARM-01,Ideal_Growth_Field,04-02-2026 20:00,54.96,6.69,22.39,19.6,73.27,13,197.36,67.36,Valid
838,ESP32-FARM-01,Ideal_Growth_Field,04-02-2026 21:00,57.24,6.68,22.65,20.42,73.28,21,196.46,68.35,Valid
839,ESP32-FARM-01,Ideal_Growth_Field,04-02-2026 22:00,53.51,6.67,21.67,20.44,73.6,0,190.99,66.92,Valid
840,ESP32-FARM-01,Ideal_Growth_Field,04-02-2026 23:00,52.88,6.6,22.14,19.73,75.25,5,192.47,70.22,Valid
841,ESP32-FARM-01,Ideal_Growth_Field,05-02-2026 00:00,52.61,6.66,21.58,19.57,76.39,8,193.44,71.37,Valid
842,ESP32-FARM-01,Ideal_Growth_Field,05-02-2026 01:00,52.83,6.62,22.25,20.3,73.3,9,199.38,68.61,Valid
843,ESP32-FARM-01,Ideal_Growth_Field,05-02-2026 02:00,53.56,6.7,21.96,20.14,74.11,10,196.03,67.16,Valid
844,ESP32-FARM-01,Ideal_Growth_Field,05-02-2026 03:00,53.29,6.64,22.14,20.21,72.91,14,195.41,70.33,Valid
845,ESP32-FARM-01,Ideal_Growth_Field,05-02-2026 04:00,55.04,6.64,22.16,19.9,75.89,13,193.71,66.88,Valid
846,ESP32-FARM-01,Ideal_Growth_Field,05-02-2026 05:00,53.05,6.57,22.06,23.93,75.96,150,195.92,70.45,Valid
847,ESP32-FARM-01,Ideal_Growth_Field,05-02-2026 06:00,54.88,6.68,23.23,25.15,73.42,845,195.56,70.55,Valid
848,ESP32-FARM-01,Ideal_Growth_Field,05-02-2026 07:00,53.04,6.64,24.55,26.74,66.62,1648,204.98,67.01,Valid
849,ESP32-FARM-01,Ideal_Growth_Field,05-02-2026 08:00,54.37,6.67,25.42,28.02,66.53,2369,213.19,67.6,Valid
850,ESP32-FARM-01,Ideal_Growth_Field,05-02-2026 09:00,56.26,6.63,26.95,30.4,59.1,2970,221.19,69.26,Valid
851,ESP32-FARM-01,Ideal_Growth_Field,05-02-2026 10:00,53.97,6.66,27.14,31.15,59.49,3423,217.84,68.25,Valid
852,ESP32-FARM-01,Ideal_Growth_Field,05-02-2026 11:00,54.36,6.63,27.65,31.11,57.88,3704,217.39,70.15,Valid
853,ESP32-FARM-01,Ideal_Growth_Field,05-02-2026 12:00,54.07,6.64,28.04,31.65,56.73,3800,223.03,67.48,Valid
854,ESP32-FARM-01,Ideal_Growth_Field,05-02-2026 13:00,53.91,6.64,28.27,31.53,58.48,3704,216.81,65.5,Valid
855,ESP32-FARM-01,Ideal_Growth_Field,05-02-2026 14:00,55.43,6.67,26.81,30.61,57.65,3423,213.6,70.76,Valid
856,ESP32-FARM-01,Ideal_Growth_Field,05-02-2026 15:00,54.67,6.6,26.58,29.74,59.15,2970,214.6,67.05,Valid
857,ESP32-FARM-01,Ideal_Growth_Field,05-02-2026 16:00,55.29,6.65,25.68,28.96,63.42,2369,209.98,67.99,Valid
858,ESP32-FARM-01,Ideal_Growth_Field,05-02-2026 17:00,56.22,6.69,24.38,26.91,67.13,1648,201.99,71.12,Valid
859,ESP32-FARM-01,Ideal_Growth_Field,05-02-2026 18:00,53.33,6.69,22.94,25.58,71.51,845,199.94,68.02,Valid
860,ESP32-FARM-01,Ideal_Growth_Field,05-02-2026 19:00,54.01,6.72,22.4,23.52,74.2,150,199.4,70.71,Valid
861,ESP32-FARM-01,Ideal_Growth_Field,05-02-2026 20:00,54.63,6.66,22.31,19.94,73.5,18,196.12,69.39,Valid
862,ESP32-FARM-01,Ideal_Growth_Field,05-02-2026 21:00,52.97,6.68,22.42,20.04,75.37,22,196.24,65.81,Valid
863,ESP32-FARM-01,Ideal_Growth_Field,05-02-2026 22:00,53.45,6.56,21.96,20.15,76.4,16,193.68,66.26,Valid
864,ESP32-FARM-01,Ideal_Growth_Field,05-02-2026 23:00,54.05,6.67,21.55,20.29,74.86,19,192.46,69.37,Valid
865,ESP32-FARM-01,Ideal_Growth_Field,06-02-2026 00:00,52.55,6.64,22.37,19.64,77.64,20,196.4,68.86,Valid
866,ESP32-FARM-01,Ideal_Growth_Field,06-02-2026 01:00,52.26,6.67,22.29,19.46,72.96,11,194.15,68.16,Valid
867,ESP32-FARM-01,Ideal_Growth_Field,06-02-2026 02:00,52.35,6.58,22.56,19.71,77.84,9,195.26,68.18,Valid
868,ESP32-FARM-01,Ideal_Growth_Field,06-02-2026 03:00,54.13,6.58,21.96,20,73.74,24,197.01,65.14,Valid
869,ESP32-FARM-01,Ideal_Growth_Field,06-02-2026 04:00,52.54,6.66,22.04,20.12,74.63,17,195.95,66.49,Valid
870,ESP32-FARM-01,Ideal_Growth_Field,06-02-2026 05:00,53.48,6.69,22.03,23.73,72.74,150,196.49,66.74,Valid
871,ESP32-FARM-01,Ideal_Growth_Field,06-02-2026 06:00,54.25,6.61,23.69,24.12,68.47,845,201.34,68.14,Valid
872,ESP32-FARM-01,Ideal_Growth_Field,06-02-2026 07:00,54.84,6.58,24.97,26.44,68.89,1648,205.63,68.08,Valid
873,ESP32-FARM-01,Ideal_Growth_Field,06-02-2026 08:00,53.29,6.64,26.4,28.76,64.72,2369,206.45,66.21,Valid
874,ESP32-FARM-01,Ideal_Growth_Field,06-02-2026 09:00,54.88,6.62,27,30.04,60.73,2970,216.53,70,Valid
875,ESP32-FARM-01,Ideal_Growth_Field,06-02-2026 10:00,55,6.64,27.75,30.06,61.02,3423,217.11,66.66,Valid
876,ESP32-FARM-01,Ideal_Growth_Field,06-02-2026 11:00,54.34,6.64,27.98,31.52,57.72,3704,214.62,68.15,Valid
877,ESP32-FARM-01,Ideal_Growth_Field,06-02-2026 12:00,55.63,6.56,27.86,32.15,58.5,3800,221.58,65.38,Valid
878,ESP32-FARM-01,Ideal_Growth_Field,06-02-2026 13:00,53.03,6.62,27.57,31.62,59.07,3704,222.31,70.01,Valid
879,ESP32-FARM-01,Ideal_Growth_Field,06-02-2026 14:00,55.44,6.7,27.33,30.85,61.58,3423,211.83,69.13,Valid
880,ESP32-FARM-01,Ideal_Growth_Field,06-02-2026 15:00,55.14,6.62,26.19,30.31,61.32,2970,216.86,66,Valid
881,ESP32-FARM-01,Ideal_Growth_Field,06-02-2026 16:00,55.89,6.65,25.98,28.54,66.71,2369,215.27,67.94,Valid
882,ESP32-FARM-01,Ideal_Growth_Field,06-02-2026 17:00,54.82,6.67,24.59,26.59,67.8,1648,207.22,68.01,Valid
883,ESP32-FARM-01,Ideal_Growth_Field,06-02-2026 18:00,56.15,6.67,23.57,25.62,71.29,845,203.7,64.21,Valid
884,ESP32-FARM-01,Ideal_Growth_Field,06-02-2026 19:00,54.42,6.63,22.49,23.21,73.49,150,200.29,68.18,Valid
885,ESP32-FARM-01,Ideal_Growth_Field,06-02-2026 20:00,54.7,6.65,22.18,19.83,74.78,20,189.36,69.8,Valid
886,ESP32-FARM-01,Ideal_Growth_Field,06-02-2026 21:00,56.02,6.65,22.49,19.57,73.24,13,190.73,67.98,Valid
887,ESP32-FARM-01,Ideal_Growth_Field,06-02-2026 22:00,52.98,6.63,21.84,20.22,75.2,20,191.65,65.89,Valid
888,ESP32-FARM-01,Ideal_Growth_Field,06-02-2026 23:00,55.61,6.66,22.14,19.55,74.61,13,199.16,68.2,Valid
889,ESP32-FARM-01,Ideal_Growth_Field,07-02-2026 00:00,53.02,6.66,21.86,19.86,74.64,8,198.62,67.2,Valid
890,ESP32-FARM-01,Ideal_Growth_Field,07-02-2026 01:00,52.02,6.63,22.49,20.45,74.64,15,194.74,67.92,Valid
891,ESP32-FARM-01,Ideal_Growth_Field,07-02-2026 02:00,52.97,6.67,21.89,19.89,76.34,12,193.2,66.16,Valid
892,ESP32-FARM-01,Ideal_Growth_Field,07-02-2026 03:00,53.85,6.56,21.97,19.67,75.73,14,194.84,64.24,Valid
893,ESP32-FARM-01,Ideal_Growth_Field,07-02-2026 04:00,53.99,6.71,22.05,19.66,74.39,4,195.5,67.18,Valid
894,ESP32-FARM-01,Ideal_Growth_Field,07-02-2026 05:00,55.55,6.69,22.77,23.91,73.5,150,194.83,68.09,Valid
895,ESP32-FARM-01,Ideal_Growth_Field,07-02-2026 06:00,54.4,6.58,23.43,24.8,73.75,845,205.67,69.99,Valid
896,ESP32-FARM-01,Ideal_Growth_Field,07-02-2026 07:00,52.72,6.67,24.03,27.02,64.61,1648,204.1,71.16,Valid
897,ESP32-FARM-01,Ideal_Growth_Field,07-02-2026 08:00,52.36,6.63,26.01,28.53,66.22,2369,213.16,69.03,Valid
898,ESP32-FARM-01,Ideal_Growth_Field,07-02-2026 09:00,53.38,6.68,26.6,30.11,60.65,2970,215.65,67.92,Valid
899,ESP32-FARM-01,Ideal_Growth_Field,07-02-2026 10:00,55.59,6.69,27.63,31.36,56.92,3423,218.23,71.22,Valid
900,ESP32-FARM-01,Ideal_Growth_Field,07-02-2026 11:00,55.38,6.66,27.76,31.84,57.62,3704,220,68.06,Valid
901,ESP32-FARM-01,Ideal_Growth_Field,07-02-2026 12:00,55.56,6.59,27.93,32.46,55.36,3800,219.3,66.65,Valid
902,ESP32-FARM-01,Ideal_Growth_Field,07-02-2026 13:00,55.4,6.71,27.79,32.77,58.2,3704,219.94,66.51,Valid
903,ESP32-FARM-01,Ideal_Growth_Field,07-02-2026 14:00,53.45,6.65,27.75,31.38,60.31,3423,217.49,71.58,Valid
904,ESP32-FARM-01,Ideal_Growth_Field,07-02-2026 15:00,55.07,6.63,27.2,29.92,62.51,2970,218.32,66.5,Valid
905,ESP32-FARM-01,Ideal_Growth_Field,07-02-2026 16:00,55.25,6.62,26.24,28.35,64.34,2369,214.7,67.86,Valid
906,ESP32-FARM-01,Ideal_Growth_Field,07-02-2026 17:00,53.76,6.72,24.84,26.7,68.05,1648,205.6,67.09,Valid
907,ESP32-FARM-01,Ideal_Growth_Field,07-02-2026 18:00,55.41,6.74,23.28,25.4,70.87,845,202.41,66.02,Valid
908,ESP32-FARM-01,Ideal_Growth_Field,07-02-2026 19:00,53.66,6.59,22.76,23.73,73.24,150,191.5,68.89,Valid
909,ESP32-FARM-01,Ideal_Growth_Field,07-02-2026 20:00,54.88,6.66,21.79,20.61,74.72,22,199.24,67.12,Valid
910,ESP32-FARM-01,Ideal_Growth_Field,07-02-2026 21:00,54.25,6.7,21.42,19.97,76.34,21,193.56,68.35,Valid
911,ESP32-FARM-01,Ideal_Growth_Field,07-02-2026 22:00,54.58,6.66,21.87,19.63,72.7,5,192.58,64.98,Valid
912,ESP32-FARM-01,Ideal_Growth_Field,07-02-2026 23:00,53.74,6.7,21.97,20.05,76.05,16,193.64,68.95,Valid
913,ESP32-FARM-01,Ideal_Growth_Field,08-02-2026 00:00,52.01,6.66,22.12,19.39,73.87,20,195.64,69.08,Valid
914,ESP32-FARM-01,Ideal_Growth_Field,08-02-2026 01:00,53.51,6.66,22.06,20.86,75.53,7,192.28,68.83,Valid
915,ESP32-FARM-01,Ideal_Growth_Field,08-02-2026 02:00,52.12,6.67,22.64,20.52,74.86,7,197.4,67.73,Valid
916,ESP32-FARM-01,Ideal_Growth_Field,08-02-2026 03:00,54.19,6.68,21.9,20.49,74.63,13,197.83,68.78,Valid
917,ESP32-FARM-01,Ideal_Growth_Field,08-02-2026 04:00,53.28,6.7,22.41,19.88,75.02,11,195.86,68.96,Valid
918,ESP32-FARM-01,Ideal_Growth_Field,08-02-2026 05:00,54.18,6.61,22.25,23.87,75.63,150,199.2,67.24,Valid
919,ESP32-FARM-01,Ideal_Growth_Field,08-02-2026 06:00,54.23,6.63,23.24,25.2,70.95,845,207.21,70.44,Valid
920,ESP32-FARM-01,Ideal_Growth_Field,08-02-2026 07:00,54.52,6.7,24.01,26.93,67.93,1648,206.65,68.55,Valid
921,ESP32-FARM-01,Ideal_Growth_Field,08-02-2026 08:00,55.21,6.59,25.73,28.11,65.83,2369,212.89,69.3,Valid
922,ESP32-FARM-01,Ideal_Growth_Field,08-02-2026 09:00,54.13,6.63,26.86,30.02,61.19,2970,211.87,66.76,Valid
923,ESP32-FARM-01,Ideal_Growth_Field,08-02-2026 10:00,53.84,6.63,27.55,31.44,57.99,3423,217.36,69.52,Valid
924,ESP32-FARM-01,Ideal_Growth_Field,08-02-2026 11:00,54.56,6.59,28.32,32.11,59.76,3704,219.96,67.47,Valid
925,ESP32-FARM-01,Ideal_Growth_Field,08-02-2026 12:00,55.25,6.65,28.31,32.21,58.55,3800,219.34,66.77,Valid
926,ESP32-FARM-01,Ideal_Growth_Field,08-02-2026 13:00,55.64,6.72,27.61,31.46,57.3,3704,220.55,66.25,Valid
927,ESP32-FARM-01,Ideal_Growth_Field,08-02-2026 14:00,54.79,6.66,27.29,31.31,59.84,3423,219.53,66.64,Valid
928,ESP32-FARM-01,Ideal_Growth_Field,08-02-2026 15:00,54.52,6.67,26.94,29.75,61.98,2970,218.83,67.87,Valid
929,ESP32-FARM-01,Ideal_Growth_Field,08-02-2026 16:00,55.73,6.67,25.78,29.23,62.16,2369,213.23,67.9,Valid
930,ESP32-FARM-01,Ideal_Growth_Field,08-02-2026 17:00,55.81,6.68,23.98,26.79,66.18,1648,206.64,68.87,Valid
931,ESP32-FARM-01,Ideal_Growth_Field,08-02-2026 18:00,55.19,6.64,23.25,25.61,72.2,845,200.86,64.91,Valid
932,ESP32-FARM-01,Ideal_Growth_Field,08-02-2026 19:00,55.11,6.59,21.36,22.79,77.05,150,197,68.99,Valid
933,ESP32-FARM-01,Ideal_Growth_Field,08-02-2026 20:00,54.72,6.65,22.02,19.33,74.72,4,194.36,69.43,Valid
934,ESP32-FARM-01,Ideal_Growth_Field,08-02-2026 21:00,53.4,6.62,22.11,19.7,77.25,22,191.37,71.03,Valid
935,ESP32-FARM-01,Ideal_Growth_Field,08-02-2026 22:00,53.52,6.63,21.7,20.11,72.96,10,194.5,68.43,Valid
936,ESP32-FARM-01,Ideal_Growth_Field,08-02-2026 23:00,53.44,6.61,22.02,20.54,77.18,12,196.17,67.68,Valid
937,ESP32-FARM-01,Ideal_Growth_Field,09-02-2026 00:00,53.2,6.66,22.45,19.85,72.74,17,195.68,68.06,Valid
938,ESP32-FARM-01,Ideal_Growth_Field,09-02-2026 01:00,52.19,6.68,21.98,19.73,75.88,3,197.02,67.44,Valid
939,ESP32-FARM-01,Ideal_Growth_Field,09-02-2026 02:00,54.18,6.61,21.66,20.26,74.48,24,195.35,68.65,Valid
940,ESP32-FARM-01,Ideal_Growth_Field,09-02-2026 03:00,52.16,6.58,21.54,20.76,74.23,2,189.29,68.24,Valid
941,ESP32-FARM-01,Ideal_Growth_Field,09-02-2026 04:00,53.53,6.58,21.94,20.75,76.13,13,196.15,67.98,Valid
942,ESP32-FARM-01,Ideal_Growth_Field,09-02-2026 05:00,55.19,6.59,22.01,23.2,75.23,150,190.81,67.04,Valid
943,ESP32-FARM-01,Ideal_Growth_Field,09-02-2026 06:00,54.55,6.61,23.26,25.05,70.21,845,198.67,67,Valid
944,ESP32-FARM-01,Ideal_Growth_Field,09-02-2026 07:00,54.55,6.65,24.1,27.31,66.25,1648,207.75,68.34,Valid
945,ESP32-FARM-01,Ideal_Growth_Field,09-02-2026 08:00,54.76,6.63,25.64,28.62,65.15,2369,212.26,66.19,Valid
946,ESP32-FARM-01,Ideal_Growth_Field,09-02-2026 09:00,55.48,6.69,26.36,30.45,60.01,2970,216.33,66.56,Valid
947,ESP32-FARM-01,Ideal_Growth_Field,09-02-2026 10:00,54.96,6.63,27.63,31.34,60.05,3423,215.03,70.51,Valid
948,ESP32-FARM-01,Ideal_Growth_Field,09-02-2026 11:00,55.27,6.64,28.42,31.18,59.77,3704,218.72,67.95,Valid
949,ESP32-FARM-01,Ideal_Growth_Field,09-02-2026 12:00,56.55,6.65,27.95,32.1,59.42,3800,220.48,66.27,Valid
950,ESP32-FARM-01,Ideal_Growth_Field,09-02-2026 13:00,55.65,6.67,27.7,32.29,55,3704,219.38,67.07,Valid
951,ESP32-FARM-01,Ideal_Growth_Field,09-02-2026 14:00,55.66,6.63,27.13,31.29,59,3423,221.08,65.17,Valid
952,ESP32-FARM-01,Ideal_Growth_Field,09-02-2026 15:00,55.62,6.66,26.28,29.8,62.08,2970,208.67,68.72,Valid
953,ESP32-FARM-01,Ideal_Growth_Field,09-02-2026 16:00,55.2,6.59,25.25,28.73,64.21,2369,214.39,64.44,Valid
954,ESP32-FARM-01,Ideal_Growth_Field,09-02-2026 17:00,54.92,6.63,24.8,26.52,67.41,1648,207.3,69.66,Valid
955,ESP32-FARM-01,Ideal_Growth_Field,09-02-2026 18:00,54.05,6.64,23.43,25.67,69.95,845,199.37,66.26,Valid
956,ESP32-FARM-01,Ideal_Growth_Field,09-02-2026 19:00,55.48,6.7,21.95,23.97,74.35,150,199.77,68.82,Valid
957,ESP32-FARM-01,Ideal_Growth_Field,09-02-2026 20:00,54.62,6.7,21.92,19.72,72.66,19,195.63,68.43,Valid
958,ESP32-FARM-01,Ideal_Growth_Field,09-02-2026 21:00,53.74,6.63,22.29,19.8,74.35,15,195.6,68.32,Valid
959,ESP32-FARM-01,Ideal_Growth_Field,09-02-2026 22:00,55.07,6.61,22.13,20.16,73.73,23,193.94,68.33,Valid
960,ESP32-FARM-01,Ideal_Growth_Field,09-02-2026 23:00,52.78,6.57,21.8,20.86,76.72,8,195.62,67.93,Valid
961,ESP32-FARM-01,Ideal_Growth_Field,10-02-2026 00:00,52.74,6.67,22.1,20.26,74,3,196.01,63.54,Valid
962,ESP32-FARM-01,Ideal_Growth_Field,10-02-2026 01:00,52.84,6.6,22.11,20.2,75.07,5,194.69,69.34,Valid
963,ESP32-FARM-01,Ideal_Growth_Field,10-02-2026 02:00,52.99,6.66,21.95,20.47,75.33,4,191.94,69.09,Valid
964,ESP32-FARM-01,Ideal_Growth_Field,10-02-2026 03:00,53.36,6.69,21.58,20.11,72.45,18,192.35,69.02,Valid
965,ESP32-FARM-01,Ideal_Growth_Field,10-02-2026 04:00,53.14,6.63,21.62,19.55,74.83,7,195.83,65.25,Valid
966,ESP32-FARM-01,Ideal_Growth_Field,10-02-2026 05:00,52.19,6.63,22.21,23.18,72.69,150,194.71,68.28,Valid
967,ESP32-FARM-01,Ideal_Growth_Field,10-02-2026 06:00,54.76,6.66,24.19,25.03,69.91,845,197.76,64.76,Valid
968,ESP32-FARM-01,Ideal_Growth_Field,10-02-2026 07:00,54.13,6.61,24.93,26.99,67.14,1648,205.36,67.64,Valid
969,ESP32-FARM-01,Ideal_Growth_Field,10-02-2026 08:00,55.47,6.66,25.48,28.66,65.06,2369,215.53,67.5,Valid
970,ESP32-FARM-01,Ideal_Growth_Field,10-02-2026 09:00,53.64,6.64,26.28,30.1,61.94,2970,216.18,69.4,Valid
971,ESP32-FARM-01,Ideal_Growth_Field,10-02-2026 10:00,55.85,6.57,27.18,31.65,56.89,3423,214.91,69.36,Valid
972,ESP32-FARM-01,Ideal_Growth_Field,10-02-2026 11:00,56.08,6.68,27.77,31.63,57.09,3704,218.13,69.52,Valid
973,ESP32-FARM-01,Ideal_Growth_Field,10-02-2026 12:00,56.02,6.71,27.67,32.34,55.38,3800,220.77,68.29,Valid
974,ESP32-FARM-01,Ideal_Growth_Field,10-02-2026 13:00,55.39,6.68,27.92,32.02,56.28,3704,222.88,64.92,Valid
975,ESP32-FARM-01,Ideal_Growth_Field,10-02-2026 14:00,53.66,6.66,27.46,31.64,59.22,3423,222.52,67.47,Valid
976,ESP32-FARM-01,Ideal_Growth_Field,10-02-2026 15:00,54.03,6.65,27.33,29.46,61.19,2970,213.46,67.6,Valid
977,ESP32-FARM-01,Ideal_Growth_Field,10-02-2026 16:00,56,6.69,25.39,29.05,62.98,2369,207.23,67.6,Valid
978,ESP32-FARM-01,Ideal_Growth_Field,10-02-2026 17:00,55.47,6.7,24.71,27.29,66.48,1648,205.51,69.03,Valid
979,ESP32-FARM-01,Ideal_Growth_Field,10-02-2026 18:00,53.42,6.67,22.88,24.83,69.13,845,202.58,68.25,Valid
980,ESP32-FARM-01,Ideal_Growth_Field,10-02-2026 19:00,54.32,6.65,22.13,23.37,75.81,150,201.36,64.14,Valid
981,ESP32-FARM-01,Ideal_Growth_Field,10-02-2026 20:00,54.25,6.62,22.41,19.87,73.28,10,193.38,67.74,Valid
982,ESP32-FARM-01,Ideal_Growth_Field,10-02-2026 21:00,54.34,6.61,21.74,20.59,75.78,19,196.35,69.07,Valid
983,ESP32-FARM-01,Ideal_Growth_Field,10-02-2026 22:00,54.01,6.59,22.02,20.34,73.51,17,192.93,67.06,Valid
984,ESP32-FARM-01,Ideal_Growth_Field,10-02-2026 23:00,53.92,6.65,22.02,20.44,74.88,14,190.25,68.12,Valid
985,ESP32-FARM-01,Ideal_Growth_Field,11-02-2026 00:00,53.3,6.56,21.65,20.06,74.91,0,196.64,66.24,Valid
986,ESP32-FARM-01,Ideal_Growth_Field,11-02-2026 01:00,53.13,6.68,21.79,19.91,76.16,6,192.93,68.21,Valid
987,ESP32-FARM-01,Ideal_Growth_Field,11-02-2026 02:00,53.76,6.55,21.83,19.84,74.36,5,199.23,68.01,Valid
988,ESP32-FARM-01,Ideal_Growth_Field,11-02-2026 03:00,52.4,6.64,21.92,19.88,74.98,2,195.17,68.88,Valid
989,ESP32-FARM-01,Ideal_Growth_Field,11-02-2026 04:00,54.16,6.63,22.13,19.23,75.02,19,195.47,66.18,Valid
990,ESP32-FARM-01,Ideal_Growth_Field,11-02-2026 05:00,54.04,6.68,22.28,23.14,72.72,150,191.85,66.36,Valid
991,ESP32-FARM-01,Ideal_Growth_Field,11-02-2026 06:00,54.84,6.64,24.07,25.14,71.62,845,202.3,70.74,Valid
992,ESP32-FARM-01,Ideal_Growth_Field,11-02-2026 07:00,54.41,6.63,24.69,26.42,67.64,1648,203.88,69.6,Valid
993,ESP32-FARM-01,Ideal_Growth_Field,11-02-2026 08:00,54.76,6.63,25.86,27.99,64.47,2369,213.06,68.51,Valid
994,ESP32-FARM-01,Ideal_Growth_Field,11-02-2026 09:00,55.38,6.66,26.27,29.58,59.9,2970,217.37,68.63,Valid
995,ESP32-FARM-01,Ideal_Growth_Field,11-02-2026 10:00,54.59,6.64,27.17,31.48,59.47,3423,214.43,64.58,Valid
996,ESP32-FARM-01,Ideal_Growth_Field,11-02-2026 11:00,55.69,6.64,27.94,31.46,58.53,3704,220.61,67.42,Valid
997,ESP32-FARM-01,Ideal_Growth_Field,11-02-2026 12:00,56.26,6.66,28.07,32.13,57.61,3800,220.91,67,Valid
998,ESP32-FARM-01,Ideal_Growth_Field,11-02-2026 13:00,55.3,6.63,27.1,31.05,57.78,3704,223.33,69.2,Valid
999,ESP32-FARM-01,Ideal_Growth_Field,11-02-2026 14:00,54.67,6.71,27.1,31.32,60.23,3423,218.48,67.65,Valid
1000,ESP32-FARM-01,Ideal_Growth_Field,11-02-2026 15:00,54.02,6.64,26.58,29.45,62.41,2970,216.56,67.36,Valid
1001,ESP32-FARM-01,Ideal_Growth_Field,11-02-2026 16:00,54.59,6.62,25.43,28.63,63.58,2369,214.68,67.37,Valid
1002,ESP32-FARM-01,Ideal_Growth_Field,11-02-2026 17:00,54.58,6.63,24.34,26.45,67.29,1648,211.27,70.33,Valid
1003,ESP32-FARM-01,Ideal_Growth_Field,11-02-2026 18:00,53.95,6.66,22.84,24.86,71.7,845,202.83,67.6,Valid
1004,ESP32-FARM-01,Ideal_Growth_Field,11-02-2026 19:00,56.22,6.6,22.04,22.61,73.26,150,202.97,67.79,Valid
1005,ESP32-FARM-01,Ideal_Growth_Field,11-02-2026 20:00,52.99,6.66,22.07,20.41,73.87,17,194.88,66.28,Valid
1006,ESP32-FARM-01,Ideal_Growth_Field,11-02-2026 21:00,56.16,6.64,22.04,19.87,74.58,21,193.22,68.75,Valid
1007,ESP32-FARM-01,Ideal_Growth_Field,11-02-2026 22:00,53.59,6.66,22.3,19.54,74,1,190.25,69.37,Valid
1008,ESP32-FARM-01,Ideal_Growth_Field,11-02-2026 23:00,55.27,6.63,21.84,19.99,75.46,7,193.73,67.68,Valid
1009,ESP32-FARM-01,Ideal_Growth_Field,12-02-2026 00:00,52.8,6.69,21.91,20.16,73.66,24,190.85,67.84,Valid
1010,ESP32-FARM-01,Ideal_Growth_Field,12-02-2026 01:00,52.08,6.61,21.91,19.72,74.03,5,195.38,69.26,Valid
1011,ESP32-FARM-01,Ideal_Growth_Field,12-02-2026 02:00,53.9,6.67,22.38,19.24,73.5,11,194.12,70.33,Valid
1012,ESP32-FARM-01,Ideal_Growth_Field,12-02-2026 03:00,53.13,6.64,21.93,19.9,76.45,4,188.99,67.38,Valid
1013,ESP32-FARM-01,Ideal_Growth_Field,12-02-2026 04:00,53.4,6.65,21.98,19.18,74.74,16,191.61,68.32,Valid
1014,ESP32-FARM-01,Ideal_Growth_Field,12-02-2026 05:00,55.25,6.65,22.24,22.73,74.53,150,197.31,68.86,Valid
1015,ESP32-FARM-01,Ideal_Growth_Field,12-02-2026 06:00,53.32,6.68,23.56,24.65,71.63,845,200.15,67.51,Valid
1016,ESP32-FARM-01,Ideal_Growth_Field,12-02-2026 07:00,56.44,6.68,24.08,26.24,67.85,1648,207.05,70.57,Valid
1017,ESP32-FARM-01,Ideal_Growth_Field,12-02-2026 08:00,54.92,6.62,25.76,29.39,65.28,2369,214.2,67.04,Valid
1018,ESP32-FARM-01,Ideal_Growth_Field,12-02-2026 09:00,54.37,6.66,26.3,29.9,59.33,2970,214.4,67.5,Valid
1019,ESP32-FARM-01,Ideal_Growth_Field,12-02-2026 10:00,54.06,6.61,26.98,30.59,57.74,3423,222.69,69.22,Valid
1020,ESP32-FARM-01,Ideal_Growth_Field,12-02-2026 11:00,56.28,6.64,27.42,31.39,56.62,3704,218.97,67.71,Valid
1021,ESP32-FARM-01,Ideal_Growth_Field,12-02-2026 12:00,55.88,6.69,28.04,32.04,58.47,3800,216.27,67.01,Valid
1022,ESP32-FARM-01,Ideal_Growth_Field,12-02-2026 13:00,55.33,6.7,28.11,31.92,58.51,3704,219.81,70.16,Valid
1023,ESP32-FARM-01,Ideal_Growth_Field,12-02-2026 14:00,55.55,6.67,27.73,31.07,59.44,3423,218.46,65.71,Valid
1024,ESP32-FARM-01,Ideal_Growth_Field,12-02-2026 15:00,55.5,6.68,26.82,30.15,61.85,2970,216.18,69.27,Valid
1025,ESP32-FARM-01,Ideal_Growth_Field,12-02-2026 16:00,54.28,6.61,25.28,28.72,64.25,2369,214.44,67.09,Valid
1026,ESP32-FARM-01,Ideal_Growth_Field,12-02-2026 17:00,54.67,6.71,24.68,26.78,68.95,1648,208.45,68.54,Valid
1027,ESP32-FARM-01,Ideal_Growth_Field,12-02-2026 18:00,54.46,6.63,23.06,24.96,68.72,845,198.86,67.58,Valid
1028,ESP32-FARM-01,Ideal_Growth_Field,12-02-2026 19:00,54.51,6.68,22.38,23.53,73.72,150,192.69,68.49,Valid
1029,ESP32-FARM-01,Ideal_Growth_Field,12-02-2026 20:00,52.8,6.64,22.2,19.73,75.25,2,193.92,68.68,Valid
1030,ESP32-FARM-01,Ideal_Growth_Field,12-02-2026 21:00,54.2,6.66,21.94,20.69,73.59,15,196.01,67.51,Valid
1031,ESP32-FARM-01,Ideal_Growth_Field,12-02-2026 22:00,52.38,6.73,21.82,20.75,74.27,13,195.14,66.37,Valid
1032,ESP32-FARM-01,Ideal_Growth_Field,12-02-2026 23:00,53.11,6.63,21.58,19.95,75.79,18,196.3,68.01,Valid
1033,ESP32-FARM-01,Ideal_Growth_Field,13-02-2026 00:00,53.9,6.6,22.1,20,75.84,10,196.96,66.84,Valid
1034,ESP32-FARM-01,Ideal_Growth_Field,13-02-2026 01:00,54.42,6.61,22.12,20.53,75.74,1,195.69,68.54,Valid
1035,ESP32-FARM-01,Ideal_Growth_Field,13-02-2026 02:00,54.15,6.64,21.9,19.46,75.72,12,193.38,66.53,Valid
1036,ESP32-FARM-01,Ideal_Growth_Field,13-02-2026 03:00,53.72,6.61,22.13,19.96,74.38,11,192.18,66.7,Valid
1037,ESP32-FARM-01,Ideal_Growth_Field,13-02-2026 04:00,54.2,6.63,21.92,19.57,74.89,24,199.34,67.09,Valid
1038,ESP32-FARM-01,Ideal_Growth_Field,13-02-2026 05:00,54.36,6.6,22.79,22.52,72.74,150,193.26,67.7,Valid
1039,ESP32-FARM-01,Ideal_Growth_Field,13-02-2026 06:00,53.95,6.63,23.17,24.73,71.79,845,202.26,68.74,Valid
1040,ESP32-FARM-01,Ideal_Growth_Field,13-02-2026 07:00,54.6,6.62,24.49,26.17,67.64,1648,205.49,68.87,Valid
1041,ESP32-FARM-01,Ideal_Growth_Field,13-02-2026 08:00,56.13,6.66,25.59,28.94,63.94,2369,212.88,66.63,Valid
1042,ESP32-FARM-01,Ideal_Growth_Field,13-02-2026 09:00,56.41,6.64,26.73,30.17,62.3,2970,206.93,67.96,Valid
1043,ESP32-FARM-01,Ideal_Growth_Field,13-02-2026 10:00,55.82,6.66,27.66,31.08,58.67,3423,216.38,69.34,Valid
1044,ESP32-FARM-01,Ideal_Growth_Field,13-02-2026 11:00,56.11,6.6,27.59,31.35,56.89,3704,218.96,67.16,Valid
1045,ESP32-FARM-01,Ideal_Growth_Field,13-02-2026 12:00,53.64,6.63,28.14,32.01,56.91,3800,221.64,69.09,Valid
1046,ESP32-FARM-01,Ideal_Growth_Field,13-02-2026 13:00,56.31,6.64,27.51,31.44,57.37,3704,214.14,65.54,Valid
1047,ESP32-FARM-01,Ideal_Growth_Field,13-02-2026 14:00,55.08,6.64,27.55,31.35,60.24,3423,215.03,67.32,Valid
1048,ESP32-FARM-01,Ideal_Growth_Field,13-02-2026 15:00,54.34,6.63,26.86,29.93,59.55,2970,214.46,67.37,Valid
1049,ESP32-FARM-01,Ideal_Growth_Field,13-02-2026 16:00,54.87,6.68,25.83,29.11,62.87,2369,216.2,68.18,Valid
1050,ESP32-FARM-01,Ideal_Growth_Field,13-02-2026 17:00,54.77,6.65,25.27,26.76,66,1648,202.74,66.86,Valid
1051,ESP32-FARM-01,Ideal_Growth_Field,13-02-2026 18:00,55.06,6.6,23.15,25.4,70.96,845,201.91,68.9,Valid
1052,ESP32-FARM-01,Ideal_Growth_Field,13-02-2026 19:00,53.8,6.67,22.13,23.06,74.71,150,201.97,68.85,Valid
1053,ESP32-FARM-01,Ideal_Growth_Field,13-02-2026 20:00,54.22,6.62,22.48,19.5,74.52,6,196.7,68.47,Valid
1054,ESP32-FARM-01,Ideal_Growth_Field,13-02-2026 21:00,56,6.59,21.87,19.31,73.52,16,197.75,67.98,Valid
1055,ESP32-FARM-01,Ideal_Growth_Field,13-02-2026 22:00,55.21,6.65,22.12,19.86,76.81,13,196.15,70.77,Valid
1056,ESP32-FARM-01,Ideal_Growth_Field,13-02-2026 23:00,53.15,6.71,21.78,19.6,75.31,2,199.24,69.09,Valid
1057,ESP32-FARM-01,Ideal_Growth_Field,14-02-2026 00:00,51.97,6.69,22.11,20,75.21,16,192.9,71.09,Valid
1058,ESP32-FARM-01,Ideal_Growth_Field,14-02-2026 01:00,52.91,6.64,22.45,19.21,75.41,4,193.76,68.33,Valid
1059,ESP32-FARM-01,Ideal_Growth_Field,14-02-2026 02:00,52.94,6.69,21.84,20.12,75.47,11,195.13,67.37,Valid
1060,ESP32-FARM-01,Ideal_Growth_Field,14-02-2026 03:00,53.7,6.66,22.41,19.82,74.65,13,190.72,65.73,Valid
1061,ESP32-FARM-01,Ideal_Growth_Field,14-02-2026 04:00,54.68,6.72,21.73,20.46,76.35,12,199.76,68.41,Valid
1062,ESP32-FARM-01,Ideal_Growth_Field,14-02-2026 05:00,55.37,6.65,22.63,23.91,72.25,150,204.48,67.47,Valid
1063,ESP32-FARM-01,Ideal_Growth_Field,14-02-2026 06:00,53.96,6.61,24.04,24.12,70.88,845,197.67,68.12,Valid
1064,ESP32-FARM-01,Ideal_Growth_Field,14-02-2026 07:00,56.11,6.64,25.21,27.08,67.84,1648,206.32,66.78,Valid
1065,ESP32-FARM-01,Ideal_Growth_Field,14-02-2026 08:00,54.08,6.75,25.97,27.68,63.9,2369,210.57,69.22,Valid
1066,ESP32-FARM-01,Ideal_Growth_Field,14-02-2026 09:00,55.07,6.68,26.45,29.77,62.13,2970,217.81,68.1,Valid
1067,ESP32-FARM-01,Ideal_Growth_Field,14-02-2026 10:00,54.1,6.72,27.42,31.74,58.31,3423,216.88,68.9,Valid
1068,ESP32-FARM-01,Ideal_Growth_Field,14-02-2026 11:00,55.93,6.58,27.83,31.62,57.21,3704,216.53,68.6,Valid
1069,ESP32-FARM-01,Ideal_Growth_Field,14-02-2026 12:00,53.81,6.63,27.77,31.51,57.27,3800,222.62,66.94,Valid
1070,ESP32-FARM-01,Ideal_Growth_Field,14-02-2026 13:00,54.63,6.75,27.97,31.62,56.83,3704,220.15,68.47,Valid
1071,ESP32-FARM-01,Ideal_Growth_Field,14-02-2026 14:00,53.75,6.66,27.48,30.77,58.59,3423,218.11,69.14,Valid
1072,ESP32-FARM-01,Ideal_Growth_Field,14-02-2026 15:00,54.64,6.65,26.71,29.47,61.05,2970,212.4,67.3,Valid
1073,ESP32-FARM-01,Ideal_Growth_Field,14-02-2026 16:00,56.11,6.64,25.99,27.99,64.26,2369,205.52,68.76,Valid
1074,ESP32-FARM-01,Ideal_Growth_Field,14-02-2026 17:00,54.86,6.73,24.53,27.28,67.27,1648,208.07,67.38,Valid
1075,ESP32-FARM-01,Ideal_Growth_Field,14-02-2026 18:00,53.23,6.6,23.53,25.24,69.53,845,203.33,66.38,Valid
1076,ESP32-FARM-01,Ideal_Growth_Field,14-02-2026 19:00,53.04,6.64,22.1,23.56,74.89,150,192.44,68.21,Valid
1077,ESP32-FARM-01,Ideal_Growth_Field,14-02-2026 20:00,54,6.68,21.89,19.98,74.58,22,191.39,68.56,Valid
1078,ESP32-FARM-01,Ideal_Growth_Field,14-02-2026 21:00,52.62,6.65,21.82,19.23,76.84,22,191.46,66.83,Valid
1079,ESP32-FARM-01,Ideal_Growth_Field,14-02-2026 22:00,53.22,6.72,22.21,19.59,76.31,11,197.09,68.02,Valid
1080,ESP32-FARM-01,Ideal_Growth_Field,14-02-2026 23:00,53.57,6.58,22.25,19.71,73.73,12,193.4,66.77,Valid
1081,ESP32-FARM-01,Ideal_Growth_Field,15-02-2026 00:00,52.3,6.66,21.89,20.67,74.58,16,189.43,69.2,Valid
1082,ESP32-FARM-01,Ideal_Growth_Field,15-02-2026 01:00,52,6.7,21.91,19.34,75.92,19,193.7,68.01,Valid
1083,ESP32-FARM-01,Ideal_Growth_Field,15-02-2026 02:00,52.5,6.7,21.96,19.76,75.65,11,195.66,69.57,Valid
1084,ESP32-FARM-01,Ideal_Growth_Field,15-02-2026 03:00,53.59,6.64,22.31,19.72,73.26,8,194.76,68.36,Valid
1085,ESP32-FARM-01,Ideal_Growth_Field,15-02-2026 04:00,53.09,6.55,21.62,19.6,76.3,17,197.98,66.52,Valid
1086,ESP32-FARM-01,Ideal_Growth_Field,15-02-2026 05:00,53.62,6.65,21.7,23.53,74.43,150,198.82,67.02,Valid
1087,ESP32-FARM-01,Ideal_Growth_Field,15-02-2026 06:00,53.66,6.6,23.18,24.98,70.99,845,200.69,69.79,Valid
1088,ESP32-FARM-01,Ideal_Growth_Field,15-02-2026 07:00,53.82,6.66,24.93,27.03,66.96,1648,204.83,67.07,Valid
1089,ESP32-FARM-01,Ideal_Growth_Field,15-02-2026 08:00,54.23,6.62,25.7,28.82,61.28,2369,210.84,65.81,Valid
1090,ESP32-FARM-01,Ideal_Growth_Field,15-02-2026 09:00,53.72,6.64,26.84,30.61,60.76,2970,213.35,71.28,Valid
1091,ESP32-FARM-01,Ideal_Growth_Field,15-02-2026 10:00,55.4,6.63,26.88,30.79,58.61,3423,220.99,67.34,Valid
1092,ESP32-FARM-01,Ideal_Growth_Field,15-02-2026 11:00,53.2,6.67,27.71,32.28,57.79,3704,219.94,66.91,Valid
1093,ESP32-FARM-01,Ideal_Growth_Field,15-02-2026 12:00,54.15,6.64,27.91,32.02,57.46,3800,216.29,70.01,Valid
1094,ESP32-FARM-01,Ideal_Growth_Field,15-02-2026 13:00,56.13,6.62,28.01,31.36,57.1,3704,218.55,67.71,Valid
1095,ESP32-FARM-01,Ideal_Growth_Field,15-02-2026 14:00,54.33,6.58,27.61,31.92,59.01,3423,221.55,70.51,Valid
1096,ESP32-FARM-01,Ideal_Growth_Field,15-02-2026 15:00,55.86,6.65,26.33,29.35,59.66,2970,216.67,68.33,Valid
1097,ESP32-FARM-01,Ideal_Growth_Field,15-02-2026 16:00,53.68,6.61,25.34,28.63,62.82,2369,211.93,68.1,Valid
1098,ESP32-FARM-01,Ideal_Growth_Field,15-02-2026 17:00,54.53,6.68,25.35,27.19,68.54,1648,209.02,70.33,Valid
1099,ESP32-FARM-01,Ideal_Growth_Field,15-02-2026 18:00,54.5,6.71,23,25.09,71.16,845,198.36,68.56,Valid
1100,ESP32-FARM-01,Ideal_Growth_Field,15-02-2026 19:00,53.59,6.63,21.98,23.75,74.32,150,192.63,67.99,Valid
1101,ESP32-FARM-01,Ideal_Growth_Field,15-02-2026 20:00,54.08,6.7,22.17,20.03,75.93,2,194.59,65.12,Valid
1102,ESP32-FARM-01,Ideal_Growth_Field,15-02-2026 21:00,54.79,6.68,22.01,20.32,74.67,0,195.9,66.82,Valid
1103,ESP32-FARM-01,Ideal_Growth_Field,15-02-2026 22:00,52.8,6.63,21.99,19.87,76.05,6,193.15,68.21,Valid
1104,ESP32-FARM-01,Ideal_Growth_Field,15-02-2026 23:00,53.86,6.7,21.75,19.98,74.98,22,194.02,70.14,Valid
1105,ESP32-FARM-01,Ideal_Growth_Field,16-02-2026 00:00,52.56,6.67,21.97,20.53,73.46,3,199.03,68.36,Valid
1106,ESP32-FARM-01,Ideal_Growth_Field,16-02-2026 01:00,54.29,6.59,21.91,20.34,76.28,1,195.17,67.29,Valid
1107,ESP32-FARM-01,Ideal_Growth_Field,16-02-2026 02:00,53.82,6.73,22.17,20.62,74.2,4,199.63,65.35,Valid
1108,ESP32-FARM-01,Ideal_Growth_Field,16-02-2026 03:00,53.04,6.65,22.07,20.28,75.86,20,190.92,67.25,Valid
1109,ESP32-FARM-01,Ideal_Growth_Field,16-02-2026 04:00,54.12,6.62,22.44,21.38,74.53,21,191.52,66.94,Valid
1110,ESP32-FARM-01,Ideal_Growth_Field,16-02-2026 05:00,54.6,6.64,22.72,22.84,75.3,150,194.26,69.39,Valid
1111,ESP32-FARM-01,Ideal_Growth_Field,16-02-2026 06:00,53.55,6.62,23.24,24.72,68.96,845,205.01,68.69,Valid
1112,ESP32-FARM-01,Ideal_Growth_Field,16-02-2026 07:00,55.05,6.65,24.74,27.08,68.21,1648,203.72,70.34,Valid
1113,ESP32-FARM-01,Ideal_Growth_Field,16-02-2026 08:00,55.84,6.67,25.52,29.1,64.73,2369,209.11,67.68,Valid
1114,ESP32-FARM-01,Ideal_Growth_Field,16-02-2026 09:00,56.04,6.64,26.38,30.24,61.94,2970,216.57,69.66,Valid
1115,ESP32-FARM-01,Ideal_Growth_Field,16-02-2026 10:00,55.62,6.67,27.38,31.55,61.55,3423,219.73,68.06,Valid
1116,ESP32-FARM-01,Ideal_Growth_Field,16-02-2026 11:00,55.36,6.7,27.82,32.04,56.05,3704,219.95,65.23,Valid
1117,ESP32-FARM-01,Ideal_Growth_Field,16-02-2026 12:00,54.24,6.65,27.5,31.57,57.93,3800,219.77,64.76,Valid
1118,ESP32-FARM-01,Ideal_Growth_Field,16-02-2026 13:00,54.56,6.64,28.03,32.31,59.33,3704,219.19,66.18,Valid
1119,ESP32-FARM-01,Ideal_Growth_Field,16-02-2026 14:00,55.93,6.65,27.6,30.69,58.15,3423,215.71,69.24,Valid
1120,ESP32-FARM-01,Ideal_Growth_Field,16-02-2026 15:00,55.81,6.65,26.65,30.38,60.96,2970,217.37,65.71,Valid
1121,ESP32-FARM-01,Ideal_Growth_Field,16-02-2026 16:00,55.1,6.6,26.08,28.55,64.75,2369,209.49,68.87,Valid
1122,ESP32-FARM-01,Ideal_Growth_Field,16-02-2026 17:00,53.77,6.58,25.1,26.67,69.41,1648,205.17,68.47,Valid
1123,ESP32-FARM-01,Ideal_Growth_Field,16-02-2026 18:00,55.91,6.64,23.23,25.52,72.31,845,198.03,67.32,Valid
1124,ESP32-FARM-01,Ideal_Growth_Field,16-02-2026 19:00,54.36,6.67,22.74,23.34,73.92,150,198.71,66.53,Valid
1125,ESP32-FARM-01,Ideal_Growth_Field,16-02-2026 20:00,55.69,6.7,21.43,20.34,75.48,0,197.19,69.09,Valid
1126,ESP32-FARM-01,Ideal_Growth_Field,16-02-2026 21:00,53.76,6.69,21.79,19.94,76.6,0,189.9,67.93,Valid
1127,ESP32-FARM-01,Ideal_Growth_Field,16-02-2026 22:00,54.66,6.66,21.93,20.19,75.82,6,191.87,66.32,Valid
1128,ESP32-FARM-01,Ideal_Growth_Field,16-02-2026 23:00,54.77,6.59,22.03,19.56,77.34,1,195.77,67.04,Valid
1129,ESP32-FARM-01,Ideal_Growth_Field,17-02-2026 00:00,52.59,6.58,22.31,20.22,75.08,14,195.98,68.53,Valid
1130,ESP32-FARM-01,Ideal_Growth_Field,17-02-2026 01:00,51.83,6.61,22.43,19.89,74.98,10,195.63,65.68,Valid
1131,ESP32-FARM-01,Ideal_Growth_Field,17-02-2026 02:00,53.36,6.67,21.74,20.01,75.48,23,198.4,69.31,Valid
1132,ESP32-FARM-01,Ideal_Growth_Field,17-02-2026 03:00,54.14,6.65,22.1,20.02,72.97,7,192.73,70.56,Valid
1133,ESP32-FARM-01,Ideal_Growth_Field,17-02-2026 04:00,53.51,6.69,22.15,19.95,75.35,19,191.47,65.61,Valid
1134,ESP32-FARM-01,Ideal_Growth_Field,17-02-2026 05:00,53.55,6.6,21.93,23.6,74.15,150,196.58,70.17,Valid
1135,ESP32-FARM-01,Ideal_Growth_Field,17-02-2026 06:00,53.38,6.65,23.42,25.66,70.83,845,197.21,66.74,Valid
1136,ESP32-FARM-01,Ideal_Growth_Field,17-02-2026 07:00,53.59,6.64,25.01,27.47,66.75,1648,205.83,68.09,Valid
1137,ESP32-FARM-01,Ideal_Growth_Field,17-02-2026 08:00,53.7,6.65,25.94,28.25,65.97,2369,209.84,68.01,Valid
1138,ESP32-FARM-01,Ideal_Growth_Field,17-02-2026 09:00,55.41,6.69,27.39,30.14,60.9,2970,213.28,69.17,Valid
1139,ESP32-FARM-01,Ideal_Growth_Field,17-02-2026 10:00,54.34,6.63,27.23,31.46,57.87,3423,213.53,68.32,Valid
1140,ESP32-FARM-01,Ideal_Growth_Field,17-02-2026 11:00,55.49,6.73,28.04,31.51,56.22,3704,218.09,68.08,Valid
1141,ESP32-FARM-01,Ideal_Growth_Field,17-02-2026 12:00,53.8,6.6,27.74,32.24,59.54,3800,222.47,67.64,Valid
1142,ESP32-FARM-01,Ideal_Growth_Field,17-02-2026 13:00,54.28,6.61,27.71,32.24,58.13,3704,219.38,72.04,Valid
1143,ESP32-FARM-01,Ideal_Growth_Field,17-02-2026 14:00,55.14,6.69,27.68,31.69,59.46,3423,219.16,66,Valid
1144,ESP32-FARM-01,Ideal_Growth_Field,17-02-2026 15:00,55.43,6.64,26.95,30.37,62.19,2970,206.19,65.51,Valid
1145,ESP32-FARM-01,Ideal_Growth_Field,17-02-2026 16:00,55.24,6.66,26.05,28.41,64.26,2369,214.98,68.33,Valid
1146,ESP32-FARM-01,Ideal_Growth_Field,17-02-2026 17:00,55.11,6.73,24.66,26.88,67.98,1648,209.44,69.88,Valid
1147,ESP32-FARM-01,Ideal_Growth_Field,17-02-2026 18:00,54.74,6.67,23.8,24.47,69.05,845,204.08,70.75,Valid
1148,ESP32-FARM-01,Ideal_Growth_Field,17-02-2026 19:00,54.14,6.64,22.45,23.16,74.65,150,194.15,68.57,Valid
1149,ESP32-FARM-01,Ideal_Growth_Field,17-02-2026 20:00,53.78,6.72,21.74,19.54,75.69,10,198.75,69.14,Valid
1150,ESP32-FARM-01,Ideal_Growth_Field,17-02-2026 21:00,53.59,6.71,22.56,19.67,74.87,21,193.69,69.49,Valid
1151,ESP32-FARM-01,Ideal_Growth_Field,17-02-2026 22:00,53.83,6.74,22.41,19.37,76.3,7,200.07,66.69,Valid
1152,ESP32-FARM-01,Ideal_Growth_Field,17-02-2026 23:00,54.08,6.64,21.99,20.05,72.31,7,197.12,68.39,Valid
1153,ESP32-FARM-01,Ideal_Growth_Field,18-02-2026 00:00,52.58,6.63,22.47,19.75,75.45,12,201.33,68.66,Valid
1154,ESP32-FARM-01,Ideal_Growth_Field,18-02-2026 01:00,53.38,6.66,22.36,20.67,77.1,16,191.8,66.79,Valid
1155,ESP32-FARM-01,Ideal_Growth_Field,18-02-2026 02:00,53.33,6.64,22.48,19.78,74.75,2,201.86,68.54,Valid
1156,ESP32-FARM-01,Ideal_Growth_Field,18-02-2026 03:00,52.45,6.66,21.69,19.95,74.75,6,191.61,66.94,Valid
1157,ESP32-FARM-01,Ideal_Growth_Field,18-02-2026 04:00,53.92,6.6,21.56,20.42,74.43,5,198.53,68.78,Valid
1158,ESP32-FARM-01,Ideal_Growth_Field,18-02-2026 05:00,54.1,6.63,22.21,23.35,74.75,150,194.98,67.7,Valid
1159,ESP32-FARM-01,Ideal_Growth_Field,18-02-2026 06:00,53.77,6.59,23.41,25.3,71.53,845,204.11,68.29,Valid
1160,ESP32-FARM-01,Ideal_Growth_Field,18-02-2026 07:00,55.22,6.62,24.55,27.18,65.1,1648,205.89,68.35,Valid
1161,ESP32-FARM-01,Ideal_Growth_Field,18-02-2026 08:00,53.97,6.72,25.67,29.11,62.89,2369,211.55,67.94,Valid
1162,ESP32-FARM-01,Ideal_Growth_Field,18-02-2026 09:00,54.76,6.64,26.98,30.51,60.68,2970,214.05,68.29,Valid
1163,ESP32-FARM-01,Ideal_Growth_Field,18-02-2026 10:00,55.53,6.59,27.66,31.11,61,3423,218.32,70.15,Valid
1164,ESP32-FARM-01,Ideal_Growth_Field,18-02-2026 11:00,54.74,6.61,27.7,32.22,55.28,3704,223.6,68.05,Valid
1165,ESP32-FARM-01,Ideal_Growth_Field,18-02-2026 12:00,55.2,6.64,27.88,31.85,58.23,3800,219.48,68.51,Valid
1166,ESP32-FARM-01,Ideal_Growth_Field,18-02-2026 13:00,55.65,6.67,27.65,31.35,57.88,3704,217.31,66.22,Valid
1167,ESP32-FARM-01,Ideal_Growth_Field,18-02-2026 14:00,53.76,6.68,27.65,30.95,62.64,3423,216.67,66.27,Valid
1168,ESP32-FARM-01,Ideal_Growth_Field,18-02-2026 15:00,54.13,6.65,26.87,30.3,61.06,2970,213.5,69.05,Valid
1169,ESP32-FARM-01,Ideal_Growth_Field,18-02-2026 16:00,53.61,6.6,26.14,28.51,63.44,2369,212.8,69.01,Valid
1170,ESP32-FARM-01,Ideal_Growth_Field,18-02-2026 17:00,53.94,6.63,24.81,27.32,68.31,1648,209.06,68.6,Valid
1171,ESP32-FARM-01,Ideal_Growth_Field,18-02-2026 18:00,54.52,6.62,23.16,24.76,69.87,845,200.1,68.6,Valid
1172,ESP32-FARM-01,Ideal_Growth_Field,18-02-2026 19:00,54.37,6.65,22.24,22.94,76.48,150,192,70.95,Valid
1173,ESP32-FARM-01,Ideal_Growth_Field,18-02-2026 20:00,55.1,6.72,21.8,20.1,74.64,1,199.49,66.67,Valid
1174,ESP32-FARM-01,Ideal_Growth_Field,18-02-2026 21:00,54.66,6.66,21.8,19.82,75.75,2,197.33,66.1,Valid
1175,ESP32-FARM-01,Ideal_Growth_Field,18-02-2026 22:00,53.97,6.63,22.47,20.17,74.27,0,195.35,67.66,Valid
1176,ESP32-FARM-01,Ideal_Growth_Field,18-02-2026 23:00,53.73,6.68,21.74,20.45,76.8,7,196.91,63.54,Valid
1177,ESP32-FARM-01,Ideal_Growth_Field,19-02-2026 00:00,53.8,6.69,22,20.04,77.05,2,194.76,70.73,Valid
1178,ESP32-FARM-01,Ideal_Growth_Field,19-02-2026 01:00,53.23,6.62,22.18,19.85,76.24,15,196.56,70.74,Valid
1179,ESP32-FARM-01,Ideal_Growth_Field,19-02-2026 02:00,52.09,6.61,21.6,20.39,77.37,12,195.94,70.89,Valid
1180,ESP32-FARM-01,Ideal_Growth_Field,19-02-2026 03:00,53.15,6.66,21.65,19.78,77.25,23,193.82,65.48,Valid
1181,ESP32-FARM-01,Ideal_Growth_Field,19-02-2026 04:00,53.62,6.7,22.17,19.75,74.93,1,194.18,68.28,Valid
1182,ESP32-FARM-01,Ideal_Growth_Field,19-02-2026 05:00,53.63,6.64,22.36,22.58,72.35,150,197.16,67.48,Valid
1183,ESP32-FARM-01,Ideal_Growth_Field,19-02-2026 06:00,54.39,6.63,23.3,24.96,72.11,845,204.03,67.43,Valid
1184,ESP32-FARM-01,Ideal_Growth_Field,19-02-2026 07:00,55.4,6.66,24.73,26.96,67.81,1648,207.07,70.03,Valid
1185,ESP32-FARM-01,Ideal_Growth_Field,19-02-2026 08:00,54.79,6.66,25.93,29.08,63.15,2369,210.5,67.98,Valid
1186,ESP32-FARM-01,Ideal_Growth_Field,19-02-2026 09:00,55.94,6.69,26.95,30.18,59.69,2970,211.68,67.27,Valid
1187,ESP32-FARM-01,Ideal_Growth_Field,19-02-2026 10:00,54.99,6.63,27.2,31.22,59.12,3423,211.1,68.12,Valid
1188,ESP32-FARM-01,Ideal_Growth_Field,19-02-2026 11:00,57.11,6.72,27.37,31.8,56.07,3704,217.95,69.77,Valid
1189,ESP32-FARM-01,Ideal_Growth_Field,19-02-2026 12:00,54.37,6.64,28.06,31.79,57,3800,218.19,68.64,Valid
1190,ESP32-FARM-01,Ideal_Growth_Field,19-02-2026 13:00,54.82,6.69,27.97,31.78,57.84,3704,221.85,69.67,Valid
1191,ESP32-FARM-01,Ideal_Growth_Field,19-02-2026 14:00,56.14,6.68,27.59,31.21,59.07,3423,215.93,66.07,Valid
1192,ESP32-FARM-01,Ideal_Growth_Field,19-02-2026 15:00,56.33,6.59,26.31,30.27,59.69,2970,216.58,67.29,Valid
1193,ESP32-FARM-01,Ideal_Growth_Field,19-02-2026 16:00,54.72,6.61,25.66,29.21,64.09,2369,206.43,67.59,Valid
1194,ESP32-FARM-01,Ideal_Growth_Field,19-02-2026 17:00,54.91,6.63,25.35,26.9,67.51,1648,210.3,66.14,Valid
1195,ESP32-FARM-01,Ideal_Growth_Field,19-02-2026 18:00,54.98,6.61,23.27,24.12,72.24,845,201.55,68.89,Valid
1196,ESP32-FARM-01,Ideal_Growth_Field,19-02-2026 19:00,55.12,6.6,22.46,24.1,72.48,150,195.33,70,Valid
1197,ESP32-FARM-01,Ideal_Growth_Field,19-02-2026 20:00,54.67,6.69,21.26,18.94,75.77,2,197.49,68.14,Valid
1198,ESP32-FARM-01,Ideal_Growth_Field,19-02-2026 21:00,54.13,6.66,21.89,20.38,75.02,20,189.95,67.64,Valid
1199,ESP32-FARM-01,Ideal_Growth_Field,19-02-2026 22:00,52.22,6.73,21.88,19.93,77.42,3,192.43,67.25,Valid
1200,ESP32-FARM-01,Ideal_Growth_Field,19-02-2026 23:00,54.11,6.67,22.19,19.96,73.79,16,194.6,69.55,Valid
1201,ESP32-FARM-01,Ideal_Growth_Field,20-02-2026 00:00,52.86,6.62,21.94,19.25,73.65,1,194.82,68.47,Valid
1202,ESP32-FARM-01,Ideal_Growth_Field,20-02-2026 01:00,53.14,6.62,22.19,19.56,74.13,2,199.21,67.96,Valid
1203,ESP32-FARM-01,Ideal_Growth_Field,20-02-2026 02:00,53.97,6.66,22.09,20.5,76.03,22,198.64,66.11,Valid
1204,ESP32-FARM-01,Ideal_Growth_Field,20-02-2026 03:00,52.26,6.68,22.35,20.63,75.07,16,194.99,68.68,Valid
1205,ESP32-FARM-01,Ideal_Growth_Field,20-02-2026 04:00,53.74,6.67,21.93,19.55,76.65,1,195.57,68.23,Valid
1206,ESP32-FARM-01,Ideal_Growth_Field,20-02-2026 05:00,53.33,6.61,22.27,23.49,71.69,150,195.13,66.67,Valid
1207,ESP32-FARM-01,Ideal_Growth_Field,20-02-2026 06:00,54.72,6.62,23.37,24.64,70.91,845,203.88,67.79,Valid
1208,ESP32-FARM-01,Ideal_Growth_Field,20-02-2026 07:00,54.35,6.59,24.59,27.39,67.24,1648,205.81,70.44,Valid
1209,ESP32-FARM-01,Ideal_Growth_Field,20-02-2026 08:00,54.12,6.7,25.34,28.87,63.5,2369,207.98,66.54,Valid
1210,ESP32-FARM-01,Ideal_Growth_Field,20-02-2026 09:00,55.8,6.64,26.33,30.6,63.68,2970,218.4,66.55,Valid
1211,ESP32-FARM-01,Ideal_Growth_Field,20-02-2026 10:00,54.52,6.69,26.74,30.99,57.89,3423,221.45,66.18,Valid
1212,ESP32-FARM-01,Ideal_Growth_Field,20-02-2026 11:00,55.75,6.59,27.38,31.97,57.27,3704,218.78,68.01,Valid
1213,ESP32-FARM-01,Ideal_Growth_Field,20-02-2026 12:00,54.67,6.67,28.46,32,57.56,3800,218.61,68.41,Valid
1214,ESP32-FARM-01,Ideal_Growth_Field,20-02-2026 13:00,55.07,6.65,27.37,32.14,57.83,3704,221.76,65.34,Valid
1215,ESP32-FARM-01,Ideal_Growth_Field,20-02-2026 14:00,54.86,6.62,27.7,30.88,59.86,3423,213.39,69.26,Valid
1216,ESP32-FARM-01,Ideal_Growth_Field,20-02-2026 15:00,54.5,6.61,27.02,29.99,59.72,2970,216.02,68.03,Valid
1217,ESP32-FARM-01,Ideal_Growth_Field,20-02-2026 16:00,54.86,6.65,25.2,28.73,66.81,2369,214.95,68.24,Valid
1218,ESP32-FARM-01,Ideal_Growth_Field,20-02-2026 17:00,55.81,6.67,24.27,26.53,68.12,1648,204.69,70.31,Valid
1219,ESP32-FARM-01,Ideal_Growth_Field,20-02-2026 18:00,54.32,6.6,23.28,25.38,69.32,845,200.45,66.57,Valid
1220,ESP32-FARM-01,Ideal_Growth_Field,20-02-2026 19:00,55.28,6.61,21.94,23.89,74.92,150,199.82,66.4,Valid
1221,ESP32-FARM-01,Ideal_Growth_Field,20-02-2026 20:00,54.98,6.69,22.28,19.47,75.45,10,194.1,66.23,Valid
1222,ESP32-FARM-01,Ideal_Growth_Field,20-02-2026 21:00,53.86,6.69,22.96,20.07,75.25,18,199.4,70.16,Valid
1223,ESP32-FARM-01,Ideal_Growth_Field,20-02-2026 22:00,53.15,6.64,21.38,20.54,74.87,15,187.75,68.05,Valid
1224,ESP32-FARM-01,Ideal_Growth_Field,20-02-2026 23:00,53.19,6.7,22.18,19.83,76.61,22,199.89,67.74,Valid
1225,ESP32-FARM-01,Ideal_Growth_Field,21-02-2026 00:00,52.62,6.65,21.84,19.36,75.39,4,195.46,68.42,Valid
1226,ESP32-FARM-01,Ideal_Growth_Field,21-02-2026 01:00,53.34,6.63,21.8,19.67,75.4,20,192.24,66.84,Valid
1227,ESP32-FARM-01,Ideal_Growth_Field,21-02-2026 02:00,52.34,6.56,22.22,19.98,72.98,14,192.7,66.07,Valid
1228,ESP32-FARM-01,Ideal_Growth_Field,21-02-2026 03:00,54.64,6.66,21.96,19.77,72.12,18,196.66,68.06,Valid
1229,ESP32-FARM-01,Ideal_Growth_Field,21-02-2026 04:00,54.57,6.65,21.86,19.45,74.19,7,193.84,67.85,Valid
1230,ESP32-FARM-01,Ideal_Growth_Field,21-02-2026 05:00,53.83,6.66,22.4,23.56,72.61,150,194.45,68.89,Valid
1231,ESP32-FARM-01,Ideal_Growth_Field,21-02-2026 06:00,56,6.6,23.13,25.35,72.43,845,194.09,67.47,Valid
1232,ESP32-FARM-01,Ideal_Growth_Field,21-02-2026 07:00,53.53,6.61,24.55,26.42,67.05,1648,206.1,66.71,Valid
1233,ESP32-FARM-01,Ideal_Growth_Field,21-02-2026 08:00,53.83,6.73,25.42,28.4,63.16,2369,208.32,66.75,Valid
1234,ESP32-FARM-01,Ideal_Growth_Field,21-02-2026 09:00,54.78,6.64,26.48,30.03,59.31,2970,213.24,69.31,Valid
1235,ESP32-FARM-01,Ideal_Growth_Field,21-02-2026 10:00,54.04,6.61,27.84,30.9,58.7,3423,208.06,67.27,Valid
1236,ESP32-FARM-01,Ideal_Growth_Field,21-02-2026 11:00,55.76,6.65,27.53,31.44,59.74,3704,216.18,67.82,Valid
1237,ESP32-FARM-01,Ideal_Growth_Field,21-02-2026 12:00,54.81,6.64,27.7,32.15,58.35,3800,219.51,65.6,Valid
1238,ESP32-FARM-01,Ideal_Growth_Field,21-02-2026 13:00,53.37,6.61,27.68,31.53,56.97,3704,219.28,66.8,Valid
1239,ESP32-FARM-01,Ideal_Growth_Field,21-02-2026 14:00,55.5,6.67,27.44,31.37,58.57,3423,215.82,69.86,Valid
1240,ESP32-FARM-01,Ideal_Growth_Field,21-02-2026 15:00,54.37,6.67,27.11,30.24,59,2970,213.89,66.52,Valid
1241,ESP32-FARM-01,Ideal_Growth_Field,21-02-2026 16:00,54.58,6.62,25.73,28.22,61.61,2369,213.01,67.76,Valid
1242,ESP32-FARM-01,Ideal_Growth_Field,21-02-2026 17:00,55.01,6.65,24.44,27.03,69.4,1648,204.51,69.33,Valid
1243,ESP32-FARM-01,Ideal_Growth_Field,21-02-2026 18:00,55.92,6.62,23.64,25.92,70.17,845,200.69,69.22,Valid
1244,ESP32-FARM-01,Ideal_Growth_Field,21-02-2026 19:00,54.06,6.62,22.77,23.45,72.76,150,195.04,68.47,Valid
1245,ESP32-FARM-01,Ideal_Growth_Field,21-02-2026 20:00,53.48,6.63,22.05,19.68,75.76,1,192.73,64.96,Valid
1246,ESP32-FARM-01,Ideal_Growth_Field,21-02-2026 21:00,53.38,6.67,21.9,20.34,74.41,12,197.96,67.58,Valid
1247,ESP32-FARM-01,Ideal_Growth_Field,21-02-2026 22:00,53.88,6.63,21.92,20.36,78.19,16,194.55,66.75,Valid
1248,ESP32-FARM-01,Ideal_Growth_Field,21-02-2026 23:00,54.63,6.64,21.46,20.88,76.66,15,194.33,69.62,Valid
1249,ESP32-FARM-01,Ideal_Growth_Field,22-02-2026 00:00,52.4,6.61,22.1,19.91,74.2,22,194.28,68.47,Valid
1250,ESP32-FARM-01,Ideal_Growth_Field,22-02-2026 01:00,51.98,6.72,21.85,20.26,76.22,5,193.11,68.91,Valid
1251,ESP32-FARM-01,Ideal_Growth_Field,22-02-2026 02:00,52.77,6.68,22.49,19.87,74.67,1,190.43,68.53,Valid
1252,ESP32-FARM-01,Ideal_Growth_Field,22-02-2026 03:00,53.47,6.77,22.35,19.92,73.55,12,197.82,68.72,Valid
1253,ESP32-FARM-01,Ideal_Growth_Field,22-02-2026 04:00,53.21,6.73,21.68,19.77,73.19,21,196.94,68.85,Valid
1254,ESP32-FARM-01,Ideal_Growth_Field,22-02-2026 05:00,53.9,6.66,21.97,23.75,73.4,150,192.15,68.18,Valid
1255,ESP32-FARM-01,Ideal_Growth_Field,22-02-2026 06:00,53.59,6.65,23.11,25.3,71.12,845,200.81,66.97,Valid
1256,ESP32-FARM-01,Ideal_Growth_Field,22-02-2026 07:00,57.27,6.65,24.76,27.11,69.06,1648,209.51,65.96,Valid
1257,ESP32-FARM-01,Ideal_Growth_Field,22-02-2026 08:00,53.58,6.63,25.95,28.38,63.09,2369,207.51,67.97,Valid
1258,ESP32-FARM-01,Ideal_Growth_Field,22-02-2026 09:00,54.97,6.64,27.05,30.61,59.41,2970,215.22,69.27,Valid
1259,ESP32-FARM-01,Ideal_Growth_Field,22-02-2026 10:00,55.1,6.68,28.18,30.49,56.72,3423,215.45,65.52,Valid
1260,ESP32-FARM-01,Ideal_Growth_Field,22-02-2026 11:00,53.64,6.66,27.56,32.49,56.73,3704,219.1,67.56,Valid
1261,ESP32-FARM-01,Ideal_Growth_Field,22-02-2026 12:00,56.25,6.63,27.8,32.55,57.6,3800,218.79,68.39,Valid
1262,ESP32-FARM-01,Ideal_Growth_Field,22-02-2026 13:00,54.35,6.64,27.79,32,58.83,3704,218.81,68.39,Valid
1263,ESP32-FARM-01,Ideal_Growth_Field,22-02-2026 14:00,54.18,6.68,27.78,31.85,57.25,3423,216.84,67.95,Valid
1264,ESP32-FARM-01,Ideal_Growth_Field,22-02-2026 15:00,55.3,6.6,26.47,29.16,60.46,2970,214.4,66.87,Valid
1265,ESP32-FARM-01,Ideal_Growth_Field,22-02-2026 16:00,54.45,6.62,25.9,28.22,64.11,2369,204.55,67.69,Valid
1266,ESP32-FARM-01,Ideal_Growth_Field,22-02-2026 17:00,53.96,6.66,24.71,27.2,64.82,1648,203.22,68.37,Valid
1267,ESP32-FARM-01,Ideal_Growth_Field,22-02-2026 18:00,54.49,6.62,22.49,24.38,71.32,845,199.15,67.6,Valid
1268,ESP32-FARM-01,Ideal_Growth_Field,22-02-2026 19:00,53.7,6.67,22.24,22.49,73.48,150,195.17,68.86,Valid
1269,ESP32-FARM-01,Ideal_Growth_Field,22-02-2026 20:00,53.89,6.65,22.35,19.66,75.37,13,195.5,69.37,Valid
1270,ESP32-FARM-01,Ideal_Growth_Field,22-02-2026 21:00,54.77,6.64,22.21,20.01,75.46,8,202.09,66.47,Valid
1271,ESP32-FARM-01,Ideal_Growth_Field,22-02-2026 22:00,53.91,6.66,22.08,20.5,75.69,5,197.57,66.97,Valid
1272,ESP32-FARM-01,Ideal_Growth_Field,22-02-2026 23:00,53.61,6.64,22.63,20.15,75.23,4,193.74,68.84,Valid
1273,ESP32-FARM-01,Ideal_Growth_Field,23-02-2026 00:00,52.01,6.68,22.19,19.95,76.7,16,199.15,68.89,Valid
1274,ESP32-FARM-01,Ideal_Growth_Field,23-02-2026 01:00,51.98,6.59,22.07,20.16,74.47,4,197.63,68.17,Valid
1275,ESP32-FARM-01,Ideal_Growth_Field,23-02-2026 02:00,53.34,6.64,21.83,20.1,74.63,7,199.45,69.08,Valid
1276,ESP32-FARM-01,Ideal_Growth_Field,23-02-2026 03:00,52.99,6.66,22.02,19.86,75.8,13,194.02,68.41,Valid
1277,ESP32-FARM-01,Ideal_Growth_Field,23-02-2026 04:00,54.25,6.66,21.95,20.32,75.32,6,192.16,69.33,Valid
1278,ESP32-FARM-01,Ideal_Growth_Field,23-02-2026 05:00,52.77,6.63,22.32,23.33,73.97,150,196.86,68.38,Valid
1279,ESP32-FARM-01,Ideal_Growth_Field,23-02-2026 06:00,54.73,6.64,23.36,24.62,71.08,845,200.5,69.16,Valid
1280,ESP32-FARM-01,Ideal_Growth_Field,23-02-2026 07:00,54.16,6.63,24.6,26.76,67.7,1648,211.9,67.69,Valid
1281,ESP32-FARM-01,Ideal_Growth_Field,23-02-2026 08:00,55.69,6.59,25.55,28.77,65.78,2369,211.76,67.52,Valid
1282,ESP32-FARM-01,Ideal_Growth_Field,23-02-2026 09:00,55.04,6.68,26.72,30.22,61.8,2970,212.68,65.21,Valid
1283,ESP32-FARM-01,Ideal_Growth_Field,23-02-2026 10:00,54.45,6.65,27.39,30.98,57.34,3423,212.99,66.05,Valid
1284,ESP32-FARM-01,Ideal_Growth_Field,23-02-2026 11:00,55.09,6.66,27.63,31.67,58.76,3704,221.47,68.39,Valid
1285,ESP32-FARM-01,Ideal_Growth_Field,23-02-2026 12:00,55.76,6.69,28.02,31.67,58.64,3800,220.35,69.8,Valid
1286,ESP32-FARM-01,Ideal_Growth_Field,23-02-2026 13:00,56.68,6.61,28.33,31.88,59.44,3704,223.15,68.43,Valid
1287,ESP32-FARM-01,Ideal_Growth_Field,23-02-2026 14:00,54.37,6.69,27.58,30.36,60.47,3423,212.97,67.99,Valid
1288,ESP32-FARM-01,Ideal_Growth_Field,23-02-2026 15:00,54.84,6.67,27.01,29.72,61.86,2970,213.53,69.74,Valid
1289,ESP32-FARM-01,Ideal_Growth_Field,23-02-2026 16:00,54.69,6.69,25.15,28.24,63.61,2369,210.69,68.92,Valid
1290,ESP32-FARM-01,Ideal_Growth_Field,23-02-2026 17:00,53.9,6.73,24.44,27.89,66.8,1648,203.76,70.31,Valid
1291,ESP32-FARM-01,Ideal_Growth_Field,23-02-2026 18:00,55.09,6.59,23.41,24.63,71.7,845,205.01,66.86,Valid
1292,ESP32-FARM-01,Ideal_Growth_Field,23-02-2026 19:00,54.3,6.69,22.02,23.18,72.6,150,199.11,66.57,Valid
1293,ESP32-FARM-01,Ideal_Growth_Field,23-02-2026 20:00,55.5,6.61,21.86,19.85,75.17,16,194.82,69.15,Valid
1294,ESP32-FARM-01,Ideal_Growth_Field,23-02-2026 21:00,55.46,6.62,21.88,19.82,74.11,22,199.19,66.81,Valid
1295,ESP32-FARM-01,Ideal_Growth_Field,23-02-2026 22:00,54.35,6.62,21.92,19.79,75.68,10,194.14,67.96,Valid
1296,ESP32-FARM-01,Ideal_Growth_Field,23-02-2026 23:00,53.15,6.63,21.87,19.59,74.13,21,199.04,67.48,Valid
1297,ESP32-FARM-01,Ideal_Growth_Field,24-02-2026 00:00,51.9,6.68,22.08,20.84,73.98,23,193.16,69.85,Valid
1298,ESP32-FARM-01,Ideal_Growth_Field,24-02-2026 01:00,52.47,6.64,21.46,20.22,74.6,10,196.13,64.76,Valid
1299,ESP32-FARM-01,Ideal_Growth_Field,24-02-2026 02:00,54.21,6.61,21.77,19.93,75.44,11,190.94,68.74,Valid
1300,ESP32-FARM-01,Ideal_Growth_Field,24-02-2026 03:00,54.82,6.7,22.73,20.94,76.22,2,196.79,70.1,Valid
1301,ESP32-FARM-01,Ideal_Growth_Field,24-02-2026 04:00,53.69,6.66,21.89,19.52,73.88,15,200.78,65.01,Valid
1302,ESP32-FARM-01,Ideal_Growth_Field,24-02-2026 05:00,54.76,6.7,22.56,23.69,77.27,150,197.75,70.83,Valid
1303,ESP32-FARM-01,Ideal_Growth_Field,24-02-2026 06:00,55.69,6.66,24.01,24.98,70.26,845,201.08,70.13,Valid
1304,ESP32-FARM-01,Ideal_Growth_Field,24-02-2026 07:00,54.58,6.7,24.35,26.92,65.98,1648,209.39,70.47,Valid
1305,ESP32-FARM-01,Ideal_Growth_Field,24-02-2026 08:00,54.66,6.66,25.84,28.71,63.9,2369,209.16,70,Valid
1306,ESP32-FARM-01,Ideal_Growth_Field,24-02-2026 09:00,55.16,6.64,27.18,29.61,64.22,2970,211.96,66.25,Valid
1307,ESP32-FARM-01,Ideal_Growth_Field,24-02-2026 10:00,52.66,6.68,27.65,32.02,59.17,3423,216.92,68.27,Valid
1308,ESP32-FARM-01,Ideal_Growth_Field,24-02-2026 11:00,54.51,6.64,27.6,32.7,57.09,3704,221.99,67.55,Valid
1309,ESP32-FARM-01,Ideal_Growth_Field,24-02-2026 12:00,55.32,6.65,27.41,32.56,58.31,3800,223.82,69.75,Valid
1310,ESP32-FARM-01,Ideal_Growth_Field,24-02-2026 13:00,56.34,6.65,27.62,31.26,58.06,3704,222.79,68.1,Valid
1311,ESP32-FARM-01,Ideal_Growth_Field,24-02-2026 14:00,54.33,6.63,27.59,31.38,58.42,3423,214.9,68.56,Valid
1312,ESP32-FARM-01,Ideal_Growth_Field,24-02-2026 15:00,55,6.62,26.59,30.29,62,2970,215.94,67.97,Valid
1313,ESP32-FARM-01,Ideal_Growth_Field,24-02-2026 16:00,54.89,6.68,25.93,28.01,63.52,2369,217.97,68.33,Valid
1314,ESP32-FARM-01,Ideal_Growth_Field,24-02-2026 17:00,54.59,6.63,25.34,26.64,67.07,1648,207.3,69.27,Valid
1315,ESP32-FARM-01,Ideal_Growth_Field,24-02-2026 18:00,55.46,6.65,23.55,25.3,71.32,845,199.15,69.92,Valid
1316,ESP32-FARM-01,Ideal_Growth_Field,24-02-2026 19:00,54.16,6.64,22.11,23.85,75.16,150,197.14,68.25,Valid
1317,ESP32-FARM-01,Ideal_Growth_Field,24-02-2026 20:00,53.9,6.64,22.18,19.88,75.69,9,205.63,67.15,Valid
1318,ESP32-FARM-01,Ideal_Growth_Field,24-02-2026 21:00,54.48,6.59,22.39,20.22,74.21,1,197.94,69.69,Valid
1319,ESP32-FARM-01,Ideal_Growth_Field,24-02-2026 22:00,54.29,6.67,21.48,19.66,75.69,0,195.11,68.61,Valid
1320,ESP32-FARM-01,Ideal_Growth_Field,24-02-2026 23:00,53.71,6.62,21.83,20.18,75.94,20,198.14,70.33,Valid
1321,ESP32-FARM-01,Ideal_Growth_Field,25-02-2026 00:00,52,6.65,22.25,19.97,73.44,7,196.66,68.37,Valid
1322,ESP32-FARM-01,Ideal_Growth_Field,25-02-2026 01:00,54.15,6.64,22.38,19.6,73.83,22,194.55,68.08,Valid
1323,ESP32-FARM-01,Ideal_Growth_Field,25-02-2026 02:00,53.85,6.6,22.17,20.08,76.6,12,192.3,68.72,Valid
1324,ESP32-FARM-01,Ideal_Growth_Field,25-02-2026 03:00,52.87,6.63,21.62,19.97,74.71,21,195.76,66.44,Valid
1325,ESP32-FARM-01,Ideal_Growth_Field,25-02-2026 04:00,52.51,6.68,22.11,19.99,77.39,24,198.22,69.41,Valid
1326,ESP32-FARM-01,Ideal_Growth_Field,25-02-2026 05:00,54.84,6.68,22.18,23.62,73.47,150,194.18,67.99,Valid
1327,ESP32-FARM-01,Ideal_Growth_Field,25-02-2026 06:00,54.42,6.73,23.07,25.13,69.89,845,195.95,68.86,Valid
1328,ESP32-FARM-01,Ideal_Growth_Field,25-02-2026 07:00,54.09,6.67,24.99,27.08,65.81,1648,204.04,65.82,Valid
1329,ESP32-FARM-01,Ideal_Growth_Field,25-02-2026 08:00,55.24,6.65,26.11,28.91,65.53,2369,207.46,68.51,Valid
1330,ESP32-FARM-01,Ideal_Growth_Field,25-02-2026 09:00,55.33,6.61,26.57,30.02,61.64,2970,210.42,71.09,Valid
1331,ESP32-FARM-01,Ideal_Growth_Field,25-02-2026 10:00,54.25,6.69,27.71,30.94,58.54,3423,211.55,69.49,Valid
1332,ESP32-FARM-01,Ideal_Growth_Field,25-02-2026 11:00,55.43,6.67,27.81,31.72,57.31,3704,215.86,68.04,Valid
1333,ESP32-FARM-01,Ideal_Growth_Field,25-02-2026 12:00,54.6,6.59,27.93,31.42,56.59,3800,220.78,64.55,Valid
1334,ESP32-FARM-01,Ideal_Growth_Field,25-02-2026 13:00,55.06,6.64,27.89,31.82,57.47,3704,218.62,70.05,Valid
1335,ESP32-FARM-01,Ideal_Growth_Field,25-02-2026 14:00,54.15,6.64,27.51,31.76,58.99,3423,217.78,65.69,Valid
1336,ESP32-FARM-01,Ideal_Growth_Field,25-02-2026 15:00,53.79,6.65,26.54,28.98,61.95,2970,210.93,68.83,Valid
1337,ESP32-FARM-01,Ideal_Growth_Field,25-02-2026 16:00,54.24,6.64,25.52,28.17,62.06,2369,210.86,67.3,Valid
1338,ESP32-FARM-01,Ideal_Growth_Field,25-02-2026 17:00,54.84,6.6,24.37,27.42,67.69,1648,208.8,66.05,Valid
1339,ESP32-FARM-01,Ideal_Growth_Field,25-02-2026 18:00,54.55,6.63,23.25,24.65,72.53,845,197.55,65.89,Valid
1340,ESP32-FARM-01,Ideal_Growth_Field,25-02-2026 19:00,54.56,6.64,21.78,23.92,74.31,150,193.22,69.81,Valid
1341,ESP32-FARM-01,Ideal_Growth_Field,25-02-2026 20:00,54.24,6.73,22.11,19.55,73.73,24,198.93,65.83,Valid
1342,ESP32-FARM-01,Ideal_Growth_Field,25-02-2026 21:00,53.79,6.73,21.79,19.94,76.4,18,200.4,68.08,Valid
1343,ESP32-FARM-01,Ideal_Growth_Field,25-02-2026 22:00,53.7,6.71,21.49,20.37,76.04,8,194,67.97,Valid
1344,ESP32-FARM-01,Ideal_Growth_Field,25-02-2026 23:00,54.27,6.64,22.02,20.42,75.92,24,195.99,67.85,Valid
1345,ESP32-FARM-01,Ideal_Growth_Field,26-02-2026 00:00,53.19,6.58,22,20.13,75.04,10,192.18,68.75,Valid
1346,ESP32-FARM-01,Ideal_Growth_Field,26-02-2026 01:00,53.24,6.67,21.87,20.19,75.76,4,193.02,67.31,Valid
1347,ESP32-FARM-01,Ideal_Growth_Field,26-02-2026 02:00,53.93,6.63,21.71,19.26,73.65,3,194.34,66.94,Valid
1348,ESP32-FARM-01,Ideal_Growth_Field,26-02-2026 03:00,51.63,6.65,22.23,20.18,75.03,5,200.55,66.42,Valid
1349,ESP32-FARM-01,Ideal_Growth_Field,26-02-2026 04:00,54.16,6.63,22.63,20.39,76.32,21,197.09,67.97,Valid
1350,ESP32-FARM-01,Ideal_Growth_Field,26-02-2026 05:00,53.91,6.7,22.76,22.38,77.17,150,190.59,68.94,Valid
1351,ESP32-FARM-01,Ideal_Growth_Field,26-02-2026 06:00,53.83,6.62,23.21,25.62,73.44,845,196.52,67.94,Valid
1352,ESP32-FARM-01,Ideal_Growth_Field,26-02-2026 07:00,53.67,6.68,24.6,27.23,65.57,1648,200.36,67.78,Valid
1353,ESP32-FARM-01,Ideal_Growth_Field,26-02-2026 08:00,54.86,6.63,26.22,28.19,62.96,2369,203.85,69.59,Valid
1354,ESP32-FARM-01,Ideal_Growth_Field,26-02-2026 09:00,54.69,6.67,27.35,30.09,61.1,2970,214.09,69.2,Valid
1355,ESP32-FARM-01,Ideal_Growth_Field,26-02-2026 10:00,55.43,6.69,27.67,30.07,58.57,3423,218.45,68.12,Valid
1356,ESP32-FARM-01,Ideal_Growth_Field,26-02-2026 11:00,55.98,6.71,28.08,31.96,56.51,3704,216.83,68.02,Valid
1357,ESP32-FARM-01,Ideal_Growth_Field,26-02-2026 12:00,55.47,6.63,27.99,31.98,57.1,3800,219.57,68.17,Valid
1358,ESP32-FARM-01,Ideal_Growth_Field,26-02-2026 13:00,55.18,6.6,27.95,32.21,57.27,3704,218.53,68.16,Valid
1359,ESP32-FARM-01,Ideal_Growth_Field,26-02-2026 14:00,54.08,6.63,27.26,31.69,58.5,3423,212.47,71.26,Valid
1360,ESP32-FARM-01,Ideal_Growth_Field,26-02-2026 15:00,56.16,6.58,26.42,29.57,61.58,2970,219.77,68.9,Valid
1361,ESP32-FARM-01,Ideal_Growth_Field,26-02-2026 16:00,54.41,6.67,25.87,29.07,64.59,2369,212.23,66.46,Valid
1362,ESP32-FARM-01,Ideal_Growth_Field,26-02-2026 17:00,53.73,6.64,24.59,27.81,68,1648,203.95,69.49,Valid
1363,ESP32-FARM-01,Ideal_Growth_Field,26-02-2026 18:00,54.88,6.67,22.99,25.41,69.72,845,199.04,66.59,Valid
1364,ESP32-FARM-01,Ideal_Growth_Field,26-02-2026 19:00,52.71,6.66,21.7,23.62,75.85,150,194.19,67.51,Valid
1365,ESP32-FARM-01,Ideal_Growth_Field,26-02-2026 20:00,54.77,6.6,22,20.23,75.43,11,194.38,68.89,Valid
1366,ESP32-FARM-01,Ideal_Growth_Field,26-02-2026 21:00,56.19,6.69,22.58,19.61,75.54,18,197.9,66.74,Valid
1367,ESP32-FARM-01,Ideal_Growth_Field,26-02-2026 22:00,54.18,6.64,22.11,19.57,74.5,21,198.39,69.6,Valid
1368,ESP32-FARM-01,Ideal_Growth_Field,26-02-2026 23:00,54.23,6.7,22.29,19.9,74.24,9,198.81,66.53,Valid
1369,ESP32-FARM-01,Ideal_Growth_Field,27-02-2026 00:00,51.73,6.61,22.2,19.59,74.53,2,194.54,65.79,Valid
1370,ESP32-FARM-01,Ideal_Growth_Field,27-02-2026 01:00,54.11,6.63,22.49,19.84,72.9,8,198.48,68.45,Valid
1371,ESP32-FARM-01,Ideal_Growth_Field,27-02-2026 02:00,53.43,6.56,21.37,20.22,76.11,19,195.39,69.82,Valid
1372,ESP32-FARM-01,Ideal_Growth_Field,27-02-2026 03:00,53.69,6.63,22.78,19.6,74.24,2,194.85,68.5,Valid
1373,ESP32-FARM-01,Ideal_Growth_Field,27-02-2026 04:00,53.07,6.58,21.82,21.04,76.64,9,197.74,69.39,Valid
1374,ESP32-FARM-01,Ideal_Growth_Field,27-02-2026 05:00,53.35,6.63,22.48,23.14,75.5,150,196.73,67.18,Valid
1375,ESP32-FARM-01,Ideal_Growth_Field,27-02-2026 06:00,56.11,6.66,23.78,26.04,71.79,845,198.54,68.22,Valid
1376,ESP32-FARM-01,Ideal_Growth_Field,27-02-2026 07:00,53.65,6.67,24.17,26.9,68.89,1648,210.4,69.26,Valid
1377,ESP32-FARM-01,Ideal_Growth_Field,27-02-2026 08:00,53.97,6.68,26.05,28.85,63.37,2369,209.39,69.61,Valid
1378,ESP32-FARM-01,Ideal_Growth_Field,27-02-2026 09:00,54.21,6.62,26.56,29.71,57.86,2970,209.1,65.2,Valid
1379,ESP32-FARM-01,Ideal_Growth_Field,27-02-2026 10:00,55.3,6.66,26.61,31.38,58.47,3423,215.75,68.15,Valid
1380,ESP32-FARM-01,Ideal_Growth_Field,27-02-2026 11:00,54.79,6.6,27.57,31.4,56.17,3704,213.67,70.24,Valid
1381,ESP32-FARM-01,Ideal_Growth_Field,27-02-2026 12:00,55.61,6.62,28.1,32.08,57.29,3800,218.49,68.87,Valid
1382,ESP32-FARM-01,Ideal_Growth_Field,27-02-2026 13:00,54.52,6.69,27.97,31.91,57.43,3704,216.39,69.72,Valid
1383,ESP32-FARM-01,Ideal_Growth_Field,27-02-2026 14:00,54.45,6.67,27.47,30.94,56.98,3423,219.32,67.95,Valid
1384,ESP32-FARM-01,Ideal_Growth_Field,27-02-2026 15:00,53.29,6.58,26.94,30.26,61.57,2970,209.02,67.54,Valid
1385,ESP32-FARM-01,Ideal_Growth_Field,27-02-2026 16:00,56.09,6.69,25.86,28.43,64.78,2369,211.83,67.25,Valid
1386,ESP32-FARM-01,Ideal_Growth_Field,27-02-2026 17:00,55.98,6.65,24.65,27.05,67.31,1648,207.27,68.82,Valid
1387,ESP32-FARM-01,Ideal_Growth_Field,27-02-2026 18:00,55.13,6.68,23.47,24.93,70.94,845,200.21,67.78,Valid
1388,ESP32-FARM-01,Ideal_Growth_Field,27-02-2026 19:00,54.34,6.69,23.1,23.49,75.14,150,194.41,68.18,Valid
1389,ESP32-FARM-01,Ideal_Growth_Field,27-02-2026 20:00,53.56,6.66,22.37,20.16,75.57,9,197.11,66.13,Valid
1390,ESP32-FARM-01,Ideal_Growth_Field,27-02-2026 21:00,52.03,6.68,22.11,20.57,76.99,23,192.41,71.26,Valid
1391,ESP32-FARM-01,Ideal_Growth_Field,27-02-2026 22:00,54.61,6.63,21.78,19.35,76.05,11,190.77,68.16,Valid
1392,ESP32-FARM-01,Ideal_Growth_Field,27-02-2026 23:00,53,6.62,22.19,19.64,76.01,8,190.49,69.02,Valid
1393,ESP32-FARM-01,Ideal_Growth_Field,28-02-2026 00:00,51.07,6.63,22.27,20.33,75.04,24,193.68,68.87,Valid
1394,ESP32-FARM-01,Ideal_Growth_Field,28-02-2026 01:00,54.13,6.65,22.37,19.84,77,24,198.11,68.31,Valid
1395,ESP32-FARM-01,Ideal_Growth_Field,28-02-2026 02:00,53.48,6.7,21.93,20.1,74.66,8,197.03,67.87,Valid
1396,ESP32-FARM-01,Ideal_Growth_Field,28-02-2026 03:00,54.06,6.62,21.58,20.5,76.13,13,190.11,67.48,Valid
1397,ESP32-FARM-01,Ideal_Growth_Field,28-02-2026 04:00,53.87,6.54,22.11,20.78,75.44,22,200.9,69.8,Valid
1398,ESP32-FARM-01,Ideal_Growth_Field,28-02-2026 05:00,54.08,6.71,22.01,23.18,75.38,150,197.14,68.81,Valid
1399,ESP32-FARM-01,Ideal_Growth_Field,28-02-2026 06:00,54.63,6.67,23.51,24.49,71.06,845,199.84,69,Valid
1400,ESP32-FARM-01,Ideal_Growth_Field,28-02-2026 07:00,53.89,6.69,24.63,27.06,68.57,1648,204.87,68.44,Valid
1401,ESP32-FARM-01,Ideal_Growth_Field,28-02-2026 08:00,55.28,6.65,25.44,28.23,64.33,2369,207.47,66.61,Valid
1402,ESP32-FARM-01,Ideal_Growth_Field,28-02-2026 09:00,56.11,6.65,27.17,30.29,64.02,2970,214.83,68.43,Valid
1403,ESP32-FARM-01,Ideal_Growth_Field,28-02-2026 10:00,55.75,6.71,27.3,30.91,58.86,3423,214.11,68.03,Valid
1404,ESP32-FARM-01,Ideal_Growth_Field,28-02-2026 11:00,55.36,6.55,27.51,31.24,61.25,3704,222.69,70.49,Valid
1405,ESP32-FARM-01,Ideal_Growth_Field,28-02-2026 12:00,55.21,6.68,27.63,32.32,58.36,3800,218.99,69.06,Valid
1406,ESP32-FARM-01,Ideal_Growth_Field,28-02-2026 13:00,54.44,6.65,28.08,31.68,57.52,3704,222.23,64.21,Valid
1407,ESP32-FARM-01,Ideal_Growth_Field,28-02-2026 14:00,56.17,6.63,27.29,30.43,59.46,3423,216.39,66.82,Valid
1408,ESP32-FARM-01,Ideal_Growth_Field,28-02-2026 15:00,54.98,6.63,26.6,29.72,61.74,2970,217.8,70.26,Valid
1409,ESP32-FARM-01,Ideal_Growth_Field,28-02-2026 16:00,55.24,6.69,25.39,28.03,63.4,2369,206.94,69.76,Valid
1410,ESP32-FARM-01,Ideal_Growth_Field,28-02-2026 17:00,55.29,6.63,24.61,26.92,65.53,1648,209.95,68.6,Valid
1411,ESP32-FARM-01,Ideal_Growth_Field,28-02-2026 18:00,54.44,6.65,23.68,24.85,71.58,845,206.82,69.48,Valid
1412,ESP32-FARM-01,Ideal_Growth_Field,28-02-2026 19:00,54.15,6.63,22.86,22.96,74.43,150,199.35,66.92,Valid
1413,ESP32-FARM-01,Ideal_Growth_Field,28-02-2026 20:00,54.69,6.64,22.12,19.8,74.77,8,195.73,68.5,Valid
1414,ESP32-FARM-01,Ideal_Growth_Field,28-02-2026 21:00,53.69,6.67,21.43,20.28,76.46,8,198.99,67.68,Valid
1415,ESP32-FARM-01,Ideal_Growth_Field,28-02-2026 22:00,52.58,6.61,22.46,19.65,73.78,16,196.23,68.16,Valid
1416,ESP32-FARM-01,Ideal_Growth_Field,28-02-2026 23:00,51.97,6.64,21.56,20.18,75.75,9,192.42,70.47,Valid
1417,ESP32-FARM-01,Ideal_Growth_Field,01-03-2026 00:00,52.21,6.7,21.97,20.56,75.28,20,196.05,67.48,Valid
1418,ESP32-FARM-01,Ideal_Growth_Field,01-03-2026 01:00,52.65,6.59,22.1,20.44,73.4,9,195.37,65.56,Valid
1419,ESP32-FARM-01,Ideal_Growth_Field,01-03-2026 02:00,54.11,6.67,22.22,19.55,74.2,10,195.12,66.25,Valid
1420,ESP32-FARM-01,Ideal_Growth_Field,01-03-2026 03:00,54.07,6.66,22.29,20.35,74.72,17,199.2,67.36,Valid
1421,ESP32-FARM-01,Ideal_Growth_Field,01-03-2026 04:00,53.74,6.65,21.23,20.23,75.2,20,193.46,67.68,Valid
1422,ESP32-FARM-01,Ideal_Growth_Field,01-03-2026 05:00,53.04,6.67,21.56,22.63,72.96,150,197.8,66.95,Valid
1423,ESP32-FARM-01,Ideal_Growth_Field,01-03-2026 06:00,54.15,6.67,23.33,25.48,69.35,845,198.61,67.84,Valid
1424,ESP32-FARM-01,Ideal_Growth_Field,01-03-2026 07:00,53.63,6.62,24.6,27,66.92,1648,205.25,67.29,Valid
1425,ESP32-FARM-01,Ideal_Growth_Field,01-03-2026 08:00,54.13,6.62,25.72,29.17,65.53,2369,214.42,68.09,Valid
1426,ESP32-FARM-01,Ideal_Growth_Field,01-03-2026 09:00,55.18,6.64,26.97,29.83,58.64,2970,216.22,68.82,Valid
1427,ESP32-FARM-01,Ideal_Growth_Field,01-03-2026 10:00,55.16,6.69,27.38,30.88,58.38,3423,216.28,69.83,Valid
1428,ESP32-FARM-01,Ideal_Growth_Field,01-03-2026 11:00,54.53,6.67,27.92,31.6,57.32,3704,220.27,71.08,Valid
1429,ESP32-FARM-01,Ideal_Growth_Field,01-03-2026 12:00,55.43,6.57,27.92,32.06,56.12,3800,217.92,65.8,Valid
1430,ESP32-FARM-01,Ideal_Growth_Field,01-03-2026 13:00,55.07,6.67,27.7,31.02,57.19,3704,218.17,70.33,Valid
1431,ESP32-FARM-01,Ideal_Growth_Field,01-03-2026 14:00,55.39,6.7,27.54,31.02,58.81,3423,216.24,66.32,Valid
1432,ESP32-FARM-01,Ideal_Growth_Field,01-03-2026 15:00,55.02,6.63,26.73,29.97,61.8,2970,216.66,67.46,Valid
1433,ESP32-FARM-01,Ideal_Growth_Field,01-03-2026 16:00,54.05,6.6,25.63,27.94,64.11,2369,209.48,68.21,Valid
1434,ESP32-FARM-01,Ideal_Growth_Field,01-03-2026 17:00,55.57,6.61,24.2,27.32,66.34,1648,208.05,65.53,Valid
1435,ESP32-FARM-01,Ideal_Growth_Field,01-03-2026 18:00,54.07,6.71,23.89,25.11,70.88,845,200.11,64.68,Valid
1436,ESP32-FARM-01,Ideal_Growth_Field,01-03-2026 19:00,53.52,6.66,22.17,23.4,76.6,150,193.55,68.36,Valid
1437,ESP32-FARM-01,Ideal_Growth_Field,01-03-2026 20:00,54.64,6.73,22.48,20.54,74.37,15,193.12,67.55,Valid
1438,ESP32-FARM-01,Ideal_Growth_Field,01-03-2026 21:00,53.55,6.67,21.94,19.91,75.31,11,194.92,68.92,Valid
1439,ESP32-FARM-01,Ideal_Growth_Field,01-03-2026 22:00,52.98,6.7,21.99,20.16,74.87,4,192.42,65.74,Valid
1440,ESP32-FARM-01,Ideal_Growth_Field,01-03-2026 23:00,54.21,6.64,22.34,19.29,73.29,14,193.26,68.4,Valid
1441,ESP32-FARM-01,Ideal_Growth_Field,02-03-2026 00:00,52.03,6.56,22.37,19.96,74.4,2,194.82,67.78,Valid
1442,ESP32-FARM-01,Ideal_Growth_Field,02-03-2026 01:00,54.78,6.64,21.91,19.68,75.22,20,189.78,68.56,Valid
1443,ESP32-FARM-01,Ideal_Growth_Field,02-03-2026 02:00,52.76,6.68,22.04,20.02,75.85,2,193.06,66.5,Valid
1444,ESP32-FARM-01,Ideal_Growth_Field,02-03-2026 03:00,54.04,6.57,21.97,18.82,74.82,22,195.19,67.33,Valid
1445,ESP32-FARM-01,Ideal_Growth_Field,02-03-2026 04:00,52.48,6.64,22.67,20.3,72.71,12,192.2,66.74,Valid
1446,ESP32-FARM-01,Ideal_Growth_Field,02-03-2026 05:00,54.24,6.65,22.53,23.36,73.91,150,200.74,66.62,Valid
1447,ESP32-FARM-01,Ideal_Growth_Field,02-03-2026 06:00,55.24,6.6,23.2,24.6,71.22,845,202.08,66.92,Valid
1448,ESP32-FARM-01,Ideal_Growth_Field,02-03-2026 07:00,54.73,6.65,24.69,27.44,67.54,1648,206.12,69.75,Valid
1449,ESP32-FARM-01,Ideal_Growth_Field,02-03-2026 08:00,54.08,6.68,25.61,28.65,64.12,2369,208.34,68.75,Valid
1450,ESP32-FARM-01,Ideal_Growth_Field,02-03-2026 09:00,53.71,6.68,26.04,30.59,60.58,2970,211.36,69.24,Valid
1451,ESP32-FARM-01,Ideal_Growth_Field,02-03-2026 10:00,55.8,6.69,27.74,31.03,57.76,3423,225.95,66.64,Valid
1452,ESP32-FARM-01,Ideal_Growth_Field,02-03-2026 11:00,54.88,6.63,28.1,32.16,59.16,3704,217.49,68.43,Valid
1453,ESP32-FARM-01,Ideal_Growth_Field,02-03-2026 12:00,55.52,6.62,28.36,32.47,57.44,3800,219.11,67.31,Valid
1454,ESP32-FARM-01,Ideal_Growth_Field,02-03-2026 13:00,55.08,6.55,28.09,31.66,57.85,3704,216.16,66.91,Valid
1455,ESP32-FARM-01,Ideal_Growth_Field,02-03-2026 14:00,54.96,6.58,27.14,31.38,55.63,3423,219.59,66.4,Valid
1456,ESP32-FARM-01,Ideal_Growth_Field,02-03-2026 15:00,54.38,6.56,26.4,28.99,59.58,2970,216.68,69.49,Valid
1457,ESP32-FARM-01,Ideal_Growth_Field,02-03-2026 16:00,55,6.68,25.31,28.42,66.11,2369,213.96,70.08,Valid
1458,ESP32-FARM-01,Ideal_Growth_Field,02-03-2026 17:00,55,6.63,24.51,26.51,68.25,1648,204.28,66.58,Valid
1459,ESP32-FARM-01,Ideal_Growth_Field,02-03-2026 18:00,53.9,6.65,23.44,25.32,71.6,845,198.84,69.76,Valid
1460,ESP32-FARM-01,Ideal_Growth_Field,02-03-2026 19:00,54.85,6.73,22.48,22.58,74.64,150,197.74,68.04,Valid
1461,ESP32-FARM-01,Ideal_Growth_Field,02-03-2026 20:00,55.03,6.59,22.11,20.19,72.99,1,191.04,67.13,Valid
1462,ESP32-FARM-01,Ideal_Growth_Field,02-03-2026 21:00,53.59,6.66,22.14,19.51,74.69,3,195.73,67.29,Valid
1463,ESP32-FARM-01,Ideal_Growth_Field,02-03-2026 22:00,54.09,6.58,22.35,19.76,74.22,10,195.27,68.21,Valid
1464,ESP32-FARM-01,Ideal_Growth_Field,02-03-2026 23:00,53.9,6.64,21.85,19.35,74.69,16,200.94,69.84,Valid
1465,ESP32-FARM-01,Ideal_Growth_Field,03-03-2026 00:00,52.94,6.68,21.51,20.22,74.05,20,196.82,68.43,Valid
1466,ESP32-FARM-01,Ideal_Growth_Field,03-03-2026 01:00,52.72,6.68,21.87,20.81,74.87,0,196.68,66.81,Valid
1467,ESP32-FARM-01,Ideal_Growth_Field,03-03-2026 02:00,55.29,6.65,21.93,20.3,75.23,9,195.23,68.24,Valid
1468,ESP32-FARM-01,Ideal_Growth_Field,03-03-2026 03:00,53.7,6.63,21.69,20.1,75.92,10,194.43,64.41,Valid
1469,ESP32-FARM-01,Ideal_Growth_Field,03-03-2026 04:00,53.26,6.63,21.88,19.88,75.13,9,196.01,68.62,Valid
1470,ESP32-FARM-01,Ideal_Growth_Field,03-03-2026 05:00,53.34,6.68,22.57,23.4,74.23,150,193.74,69,Valid
1471,ESP32-FARM-01,Ideal_Growth_Field,03-03-2026 06:00,54.43,6.64,23.09,24.99,70.94,845,204.15,69.03,Valid
1472,ESP32-FARM-01,Ideal_Growth_Field,03-03-2026 07:00,55.13,6.67,24.62,26.61,68.79,1648,195.8,69.34,Valid
1473,ESP32-FARM-01,Ideal_Growth_Field,03-03-2026 08:00,54.58,6.67,25.83,29.52,62.79,2369,205.22,66.94,Valid
1474,ESP32-FARM-01,Ideal_Growth_Field,03-03-2026 09:00,54.39,6.63,27.13,29.58,60.97,2970,217.67,65.46,Valid
1475,ESP32-FARM-01,Ideal_Growth_Field,03-03-2026 10:00,55.17,6.7,27.42,31.05,58.57,3423,220.55,66.09,Valid
1476,ESP32-FARM-01,Ideal_Growth_Field,03-03-2026 11:00,54.4,6.61,28.68,31.84,57.2,3704,217.96,67.06,Valid
1477,ESP32-FARM-01,Ideal_Growth_Field,03-03-2026 12:00,55.52,6.69,28.39,32.01,59.05,3800,218.63,69.09,Valid
1478,ESP32-FARM-01,Ideal_Growth_Field,03-03-2026 13:00,55.57,6.69,27.38,31.36,57.63,3704,221.83,65.65,Valid
1479,ESP32-FARM-01,Ideal_Growth_Field,03-03-2026 14:00,54.85,6.58,28.03,30.73,59,3423,217.59,67.24,Valid
1480,ESP32-FARM-01,Ideal_Growth_Field,03-03-2026 15:00,56.25,6.69,26.46,30.44,60.98,2970,213.48,68.05,Valid
1481,ESP32-FARM-01,Ideal_Growth_Field,03-03-2026 16:00,54.14,6.65,25.87,28.14,63.8,2369,214.67,67.12,Valid
1482,ESP32-FARM-01,Ideal_Growth_Field,03-03-2026 17:00,55.07,6.69,24.61,26.63,67.43,1648,206.79,65.89,Valid
1483,ESP32-FARM-01,Ideal_Growth_Field,03-03-2026 18:00,53.4,6.62,23.69,23.93,71.29,845,201.14,70.25,Valid
1484,ESP32-FARM-01,Ideal_Growth_Field,03-03-2026 19:00,55.57,6.61,21.8,23.26,73.67,150,197.9,66.13,Valid
1485,ESP32-FARM-01,Ideal_Growth_Field,03-03-2026 20:00,54.32,6.66,21.87,20.55,72.93,9,191.5,68.5,Valid
1486,ESP32-FARM-01,Ideal_Growth_Field,03-03-2026 21:00,54.32,6.67,21.49,20.14,75.37,2,190.8,70.75,Valid
1487,ESP32-FARM-01,Ideal_Growth_Field,03-03-2026 22:00,52.38,6.67,22.46,19.64,78,20,192.43,68.05,Valid
1488,ESP32-FARM-01,Ideal_Growth_Field,03-03-2026 23:00,53.7,6.66,21.94,19.8,74.1,7,193.9,68.82,Valid
1489,ESP32-FARM-01,Ideal_Growth_Field,04-03-2026 00:00,52.72,6.64,22.27,19.69,72.26,10,195.55,67.74,Valid
1490,ESP32-FARM-01,Ideal_Growth_Field,04-03-2026 01:00,51.97,6.67,22.05,20.22,73.69,13,197.6,66.3,Valid
1491,ESP32-FARM-01,Ideal_Growth_Field,04-03-2026 02:00,52.35,6.61,22,19.67,73.47,21,195.98,67.55,Valid
1492,ESP32-FARM-01,Ideal_Growth_Field,04-03-2026 03:00,55.53,6.64,21.45,20.13,73.56,4,199.46,69.88,Valid
1493,ESP32-FARM-01,Ideal_Growth_Field,04-03-2026 04:00,53.61,6.69,21.27,19.47,72.24,10,191.04,71.84,Valid
1494,ESP32-FARM-01,Ideal_Growth_Field,04-03-2026 05:00,53.78,6.59,21.62,23.83,74.86,150,189.85,65.99,Valid
1495,ESP32-FARM-01,Ideal_Growth_Field,04-03-2026 06:00,56.54,6.67,23.47,24.8,70.66,845,198.7,69.9,Valid
1496,ESP32-FARM-01,Ideal_Growth_Field,04-03-2026 07:00,54.25,6.68,25.13,25.7,67.82,1648,209.4,67.05,Valid
1497,ESP32-FARM-01,Ideal_Growth_Field,04-03-2026 08:00,52.65,6.58,25.7,29.2,63.43,2369,206.66,69.11,Valid
1498,ESP32-FARM-01,Ideal_Growth_Field,04-03-2026 09:00,55.78,6.62,26.59,30.14,60.76,2970,211.39,67.05,Valid
1499,ESP32-FARM-01,Ideal_Growth_Field,04-03-2026 10:00,55.13,6.65,27.7,31.18,58.44,3423,215.16,67.26,Valid
1500,ESP32-FARM-01,Ideal_Growth_Field,04-03-2026 11:00,56.01,6.64,27.99,31.5,58.66,3704,214.29,67.94,Valid
1501,ESP32-FARM-01,Ideal_Growth_Field,04-03-2026 12:00,55.77,6.74,27.87,31.89,56.49,3800,225.17,67.14,Valid
1502,ESP32-FARM-01,Ideal_Growth_Field,04-03-2026 13:00,55.64,6.62,27.87,31.73,56.53,3704,217.27,67.48,Valid
1503,ESP32-FARM-01,Ideal_Growth_Field,04-03-2026 14:00,54.78,6.58,27.7,31.89,58.61,3423,212.83,67.52,Valid
1504,ESP32-FARM-01,Ideal_Growth_Field,04-03-2026 15:00,55.89,6.68,27.05,30.43,59.65,2970,212.07,65.98,Valid
1505,ESP32-FARM-01,Ideal_Growth_Field,04-03-2026 16:00,55.08,6.69,26.14,27.94,62.29,2369,200.57,69.72,Valid
1506,ESP32-FARM-01,Ideal_Growth_Field,04-03-2026 17:00,54.87,6.65,24.71,26.9,67.68,1648,203.09,67.73,Valid
1507,ESP32-FARM-01,Ideal_Growth_Field,04-03-2026 18:00,54.29,6.65,23.47,24.68,70.86,845,205.5,65.3,Valid
1508,ESP32-FARM-01,Ideal_Growth_Field,04-03-2026 19:00,53.5,6.61,22.36,23.1,73.6,150,197.71,65.45,Valid
1509,ESP32-FARM-01,Ideal_Growth_Field,04-03-2026 20:00,53.96,6.65,22.29,19.02,74.42,23,198.72,68.23,Valid
1510,ESP32-FARM-01,Ideal_Growth_Field,04-03-2026 21:00,53.61,6.62,22.11,19.96,75.96,23,192.18,67.05,Valid
1511,ESP32-FARM-01,Ideal_Growth_Field,04-03-2026 22:00,55.94,6.7,21.97,19.82,73.83,15,195.08,66.82,Valid
1512,ESP32-FARM-01,Ideal_Growth_Field,04-03-2026 23:00,52.42,6.64,21.66,20.16,74.63,7,188.57,65.4,Valid
1513,ESP32-FARM-01,Ideal_Growth_Field,05-03-2026 00:00,52.53,6.65,21.74,20.37,75.92,11,198.29,66.78,Valid
1514,ESP32-FARM-01,Ideal_Growth_Field,05-03-2026 01:00,52.74,6.66,22.6,20.24,74.12,4,191.57,64.93,Valid
1515,ESP32-FARM-01,Ideal_Growth_Field,05-03-2026 02:00,52.67,6.63,22.02,20.62,76.2,13,194.06,66.21,Valid
1516,ESP32-FARM-01,Ideal_Growth_Field,05-03-2026 03:00,53.93,6.61,22.21,20.25,75.31,14,196.17,69.87,Valid
1517,ESP32-FARM-01,Ideal_Growth_Field,05-03-2026 04:00,53.75,6.56,21.7,19.55,74.66,5,195.04,68.62,Valid
1518,ESP32-FARM-01,Ideal_Growth_Field,05-03-2026 05:00,54.09,6.61,22.29,23.03,74.6,150,196.8,66.49,Valid
1519,ESP32-FARM-01,Ideal_Growth_Field,05-03-2026 06:00,54.75,6.67,23.76,25.19,70.4,845,197.41,67.32,Valid
1520,ESP32-FARM-01,Ideal_Growth_Field,05-03-2026 07:00,54.42,6.65,24.98,26.39,68.49,1648,207.92,69.5,Valid
1521,ESP32-FARM-01,Ideal_Growth_Field,05-03-2026 08:00,55.4,6.65,26.17,28.56,65.82,2369,209.96,69.95,Valid
1522,ESP32-FARM-01,Ideal_Growth_Field,05-03-2026 09:00,54.63,6.66,26.5,30.25,64.06,2970,214.44,68.9,Valid
1523,ESP32-FARM-01,Ideal_Growth_Field,05-03-2026 10:00,55.89,6.61,27.62,31.9,57.3,3423,217.61,64.26,Valid
1524,ESP32-FARM-01,Ideal_Growth_Field,05-03-2026 11:00,54.96,6.64,28.35,32.42,55.61,3704,213.37,67.73,Valid
1525,ESP32-FARM-01,Ideal_Growth_Field,05-03-2026 12:00,55.51,6.65,28.51,31.45,58.36,3800,227.59,67.14,Valid
1526,ESP32-FARM-01,Ideal_Growth_Field,05-03-2026 13:00,55.69,6.63,27.3,31.27,55,3704,217,70,Valid
1527,ESP32-FARM-01,Ideal_Growth_Field,05-03-2026 14:00,55.22,6.6,27.35,31.88,59.1,3423,214.58,67.18,Valid
1528,ESP32-FARM-01,Ideal_Growth_Field,05-03-2026 15:00,55.01,6.64,26.79,30.63,59.25,2970,209.74,67.77,Valid
1529,ESP32-FARM-01,Ideal_Growth_Field,05-03-2026 16:00,53.43,6.73,25.14,29.2,63.21,2369,215.3,66.87,Valid
1530,ESP32-FARM-01,Ideal_Growth_Field,05-03-2026 17:00,55.42,6.63,25.15,27.21,66.6,1648,212.55,69.83,Valid
1531,ESP32-FARM-01,Ideal_Growth_Field,05-03-2026 18:00,54.08,6.65,23.64,24.72,72.53,845,199.51,67.7,Valid
1532,ESP32-FARM-01,Ideal_Growth_Field,05-03-2026 19:00,54.95,6.7,22.45,22.88,73.54,150,195.69,68.67,Valid
1533,ESP32-FARM-01,Ideal_Growth_Field,05-03-2026 20:00,52.56,6.63,22.52,19.8,73.07,17,190.98,67.76,Valid
1534,ESP32-FARM-01,Ideal_Growth_Field,05-03-2026 21:00,53.56,6.65,21.79,20.58,74.89,11,194.36,66.28,Valid
1535,ESP32-FARM-01,Ideal_Growth_Field,05-03-2026 22:00,53.89,6.69,21.74,20.14,75.84,8,194.55,67.93,Valid
1536,ESP32-FARM-01,Ideal_Growth_Field,05-03-2026 23:00,54.29,6.68,22.43,19.92,75.73,5,195.5,70.43,Valid
1537,ESP32-FARM-01,Ideal_Growth_Field,06-03-2026 00:00,50.77,6.61,21.98,20.46,74.9,16,194.22,68.4,Valid
1538,ESP32-FARM-01,Ideal_Growth_Field,06-03-2026 01:00,53.27,6.69,21.56,20.2,74.43,6,194.13,69.01,Valid
1539,ESP32-FARM-01,Ideal_Growth_Field,06-03-2026 02:00,53.17,6.59,22.31,19.89,73.53,12,197.21,65.46,Valid
1540,ESP32-FARM-01,Ideal_Growth_Field,06-03-2026 03:00,54.16,6.67,21.44,19.68,73.67,6,197.25,68.93,Valid
1541,ESP32-FARM-01,Ideal_Growth_Field,06-03-2026 04:00,53.45,6.61,21.97,19.73,74.48,14,192.04,68.51,Valid
1542,ESP32-FARM-01,Ideal_Growth_Field,06-03-2026 05:00,52.44,6.67,22.6,23.55,72.29,150,192.03,68.25,Valid
1543,ESP32-FARM-01,Ideal_Growth_Field,06-03-2026 06:00,55.24,6.64,23.35,24.62,71.18,845,199.21,66.53,Valid
1544,ESP32-FARM-01,Ideal_Growth_Field,06-03-2026 07:00,54.01,6.7,24.41,26.57,68.25,1648,204.85,67.71,Valid
1545,ESP32-FARM-01,Ideal_Growth_Field,06-03-2026 08:00,55.14,6.66,25.48,28.5,63.82,2369,210.83,68.76,Valid
1546,ESP32-FARM-01,Ideal_Growth_Field,06-03-2026 09:00,54.3,6.63,26.6,28.56,62.67,2970,211.94,67.7,Valid
1547,ESP32-FARM-01,Ideal_Growth_Field,06-03-2026 10:00,55.68,6.65,27.43,31.24,58.24,3423,220.3,67.4,Valid
1548,ESP32-FARM-01,Ideal_Growth_Field,06-03-2026 11:00,57.34,6.6,27.36,32.14,55.75,3704,221.04,66.15,Valid
1549,ESP32-FARM-01,Ideal_Growth_Field,06-03-2026 12:00,56.35,6.67,28.23,31.99,56.22,3800,223.03,71.57,Valid
1550,ESP32-FARM-01,Ideal_Growth_Field,06-03-2026 13:00,54.8,6.72,27.92,32.3,55.14,3704,219.63,67.54,Valid
1551,ESP32-FARM-01,Ideal_Growth_Field,06-03-2026 14:00,54.03,6.64,27.45,31.14,58,3423,219.55,68.85,Valid
1552,ESP32-FARM-01,Ideal_Growth_Field,06-03-2026 15:00,55.03,6.55,27.05,29.45,60.53,2970,218,67.46,Valid
1553,ESP32-FARM-01,Ideal_Growth_Field,06-03-2026 16:00,54.67,6.63,25.66,28.85,63.46,2369,210.08,68.92,Valid
1554,ESP32-FARM-01,Ideal_Growth_Field,06-03-2026 17:00,54.83,6.66,24.65,26.72,69.46,1648,204.36,66.97,Valid
1555,ESP32-FARM-01,Ideal_Growth_Field,06-03-2026 18:00,54.57,6.7,23,25.38,69.94,845,202.53,66.68,Valid
1556,ESP32-FARM-01,Ideal_Growth_Field,06-03-2026 19:00,53.49,6.62,21.58,23.78,73.6,150,198.43,67.66,Valid
1557,ESP32-FARM-01,Ideal_Growth_Field,06-03-2026 20:00,54.87,6.67,22.71,20.2,73.65,3,191.5,68.44,Valid
1558,ESP32-FARM-01,Ideal_Growth_Field,06-03-2026 21:00,55.17,6.71,21.86,19.52,73.8,9,191.7,67.1,Valid
1559,ESP32-FARM-01,Ideal_Growth_Field,06-03-2026 22:00,53.83,6.7,21.97,19.65,73.74,15,191.43,69.11,Valid
1560,ESP32-FARM-01,Ideal_Growth_Field,06-03-2026 23:00,52.92,6.66,22.77,20.05,74.82,22,198,66.45,Valid
1561,ESP32-FARM-01,Ideal_Growth_Field,07-03-2026 00:00,52.47,6.62,21.97,20.26,74.27,15,199.5,63.18,Valid
1562,ESP32-FARM-01,Ideal_Growth_Field,07-03-2026 01:00,52.17,6.73,21.76,19.99,76.16,21,199.85,69.45,Valid
1563,ESP32-FARM-01,Ideal_Growth_Field,07-03-2026 02:00,51.87,6.59,21.52,20.54,75.52,3,188.58,65,Valid
1564,ESP32-FARM-01,Ideal_Growth_Field,07-03-2026 03:00,53.68,6.67,21.82,19.48,73.72,18,198.92,68.96,Valid
1565,ESP32-FARM-01,Ideal_Growth_Field,07-03-2026 04:00,53.32,6.71,22.1,20.13,75.44,15,191.11,68.35,Valid
1566,ESP32-FARM-01,Ideal_Growth_Field,07-03-2026 05:00,54.32,6.69,21.58,23.55,74.42,150,196.93,69.31,Valid
1567,ESP32-FARM-01,Ideal_Growth_Field,07-03-2026 06:00,54.13,6.66,23.41,24.51,70.31,845,202.89,66.13,Valid
1568,ESP32-FARM-01,Ideal_Growth_Field,07-03-2026 07:00,54.93,6.68,24.41,26.5,66.26,1648,205.28,66.29,Valid
1569,ESP32-FARM-01,Ideal_Growth_Field,07-03-2026 08:00,53.36,6.66,25.74,29.48,65.33,2369,212.14,67.43,Valid
1570,ESP32-FARM-01,Ideal_Growth_Field,07-03-2026 09:00,54.65,6.63,26.6,29.68,61.86,2970,216.35,67.86,Valid
1571,ESP32-FARM-01,Ideal_Growth_Field,07-03-2026 10:00,55.87,6.62,27.52,31.11,58.76,3423,218.39,65.61,Valid
1572,ESP32-FARM-01,Ideal_Growth_Field,07-03-2026 11:00,55.77,6.67,27.7,31.58,56.76,3704,223.44,68.33,Valid
1573,ESP32-FARM-01,Ideal_Growth_Field,07-03-2026 12:00,54.24,6.65,27.5,32.19,57.46,3800,215.92,67.65,Valid
1574,ESP32-FARM-01,Ideal_Growth_Field,07-03-2026 13:00,55.28,6.65,26.9,31.62,58.23,3704,217.77,68.68,Valid
1575,ESP32-FARM-01,Ideal_Growth_Field,07-03-2026 14:00,55.79,6.67,26.67,31.58,58.91,3423,220.47,66.36,Valid
1576,ESP32-FARM-01,Ideal_Growth_Field,07-03-2026 15:00,53.65,6.73,26.78,29.76,61.56,2970,211.93,68.63,Valid
1577,ESP32-FARM-01,Ideal_Growth_Field,07-03-2026 16:00,53.38,6.61,25.97,28.16,64.63,2369,209.5,66.53,Valid
1578,ESP32-FARM-01,Ideal_Growth_Field,07-03-2026 17:00,53.86,6.71,23.91,26.93,65.77,1648,207.47,69.78,Valid
1579,ESP32-FARM-01,Ideal_Growth_Field,07-03-2026 18:00,54.9,6.66,22.9,23.98,70.44,845,203.73,66.7,Valid
1580,ESP32-FARM-01,Ideal_Growth_Field,07-03-2026 19:00,54.34,6.65,21.97,22.78,74.78,150,197.78,67.24,Valid
1581,ESP32-FARM-01,Ideal_Growth_Field,07-03-2026 20:00,55.25,6.64,21.8,20.43,75.73,7,190.92,66.19,Valid
1582,ESP32-FARM-01,Ideal_Growth_Field,07-03-2026 21:00,54.61,6.62,21.83,20.71,75.13,19,195.14,69.48,Valid
1583,ESP32-FARM-01,Ideal_Growth_Field,07-03-2026 22:00,54.31,6.7,22.45,20.01,72.6,23,192.75,69.27,Valid
1584,ESP32-FARM-01,Ideal_Growth_Field,07-03-2026 23:00,53.44,6.61,21.61,19.64,74.88,1,195.02,66.51,Valid
1585,ESP32-FARM-01,Ideal_Growth_Field,08-03-2026 00:00,51.87,6.66,21.54,19.66,75.85,4,195.2,65.56,Valid
1586,ESP32-FARM-01,Ideal_Growth_Field,08-03-2026 01:00,51.93,6.63,22.15,20.54,75.91,20,193.64,70.44,Valid
1587,ESP32-FARM-01,Ideal_Growth_Field,08-03-2026 02:00,52.65,6.75,21.91,19.33,76.47,21,184.43,69.98,Valid
1588,ESP32-FARM-01,Ideal_Growth_Field,08-03-2026 03:00,53.6,6.65,21.54,20.07,76.03,19,191.03,68.16,Valid
1589,ESP32-FARM-01,Ideal_Growth_Field,08-03-2026 04:00,54.06,6.66,21.9,19.42,73.92,3,205.59,67.1,Valid
1590,ESP32-FARM-01,Ideal_Growth_Field,08-03-2026 05:00,54.81,6.69,22.04,23.6,75.38,150,197.84,65.31,Valid
1591,ESP32-FARM-01,Ideal_Growth_Field,08-03-2026 06:00,56.82,6.63,23.76,25.09,70.35,845,204.3,64.99,Valid
1592,ESP32-FARM-01,Ideal_Growth_Field,08-03-2026 07:00,54.85,6.69,24.57,27.18,67.45,1648,205.27,67.79,Valid
1593,ESP32-FARM-01,Ideal_Growth_Field,08-03-2026 08:00,54.99,6.63,25.66,29.31,62.54,2369,206.44,69.05,Valid
1594,ESP32-FARM-01,Ideal_Growth_Field,08-03-2026 09:00,54.3,6.71,26.79,30.06,61.68,2970,213.89,65.24,Valid
1595,ESP32-FARM-01,Ideal_Growth_Field,08-03-2026 10:00,55.11,6.69,27.48,31.22,58.42,3423,220.54,66.15,Valid
1596,ESP32-FARM-01,Ideal_Growth_Field,08-03-2026 11:00,53.85,6.63,27.66,32.18,56.9,3704,217.33,66.75,Valid
1597,ESP32-FARM-01,Ideal_Growth_Field,08-03-2026 12:00,56.32,6.7,28.08,32.04,57.72,3800,217.38,66.36,Valid
1598,ESP32-FARM-01,Ideal_Growth_Field,08-03-2026 13:00,55.67,6.66,27.71,31.96,58.32,3704,222.15,71.1,Valid
1599,ESP32-FARM-01,Ideal_Growth_Field,08-03-2026 14:00,56.07,6.65,27.7,31.88,59.16,3423,215.38,68.54,Valid
1600,ESP32-FARM-01,Ideal_Growth_Field,08-03-2026 15:00,55.35,6.65,27.31,29.44,63.54,2970,209.77,67.71,Valid
1601,ESP32-FARM-01,Ideal_Growth_Field,08-03-2026 16:00,55.26,6.7,25.45,28.51,63.33,2369,212.57,70.17,Valid
1602,ESP32-FARM-01,Ideal_Growth_Field,08-03-2026 17:00,54.34,6.65,24.57,27.47,66.25,1648,203.45,68.06,Valid
1603,ESP32-FARM-01,Ideal_Growth_Field,08-03-2026 18:00,54.59,6.6,23.49,25.11,71.63,845,200.63,66.93,Valid
1604,ESP32-FARM-01,Ideal_Growth_Field,08-03-2026 19:00,54.02,6.6,21.93,23.8,73.31,150,194.16,67.85,Valid
1605,ESP32-FARM-01,Ideal_Growth_Field,08-03-2026 20:00,55.42,6.57,21.66,20.54,75.95,19,193.07,67.97,Valid
1606,ESP32-FARM-01,Ideal_Growth_Field,08-03-2026 21:00,54.16,6.66,22.05,20.02,75.5,13,194.64,69.8,Valid
1607,ESP32-FARM-01,Ideal_Growth_Field,08-03-2026 22:00,53.51,6.58,21.81,19.89,74.38,11,186.55,69.77,Valid
1608,ESP32-FARM-01,Ideal_Growth_Field,08-03-2026 23:00,52.65,6.68,21.89,19.93,75.13,23,194.51,69.04,Valid
1609,ESP32-FARM-01,Ideal_Growth_Field,09-03-2026 00:00,52.86,6.65,22.09,19.78,76.99,7,191.94,67.79,Valid
1610,ESP32-FARM-01,Ideal_Growth_Field,09-03-2026 01:00,55.07,6.58,22.15,20.33,74.53,23,193.95,67.73,Valid
1611,ESP32-FARM-01,Ideal_Growth_Field,09-03-2026 02:00,53.69,6.64,21.79,19.96,76.53,13,195.58,67.93,Valid
1612,ESP32-FARM-01,Ideal_Growth_Field,09-03-2026 03:00,54.04,6.67,21.85,19.94,76.74,2,191.87,67.94,Valid
1613,ESP32-FARM-01,Ideal_Growth_Field,09-03-2026 04:00,55.01,6.74,22.08,20.26,74.32,18,199.15,68.56,Valid
1614,ESP32-FARM-01,Ideal_Growth_Field,09-03-2026 05:00,54.67,6.71,22.59,23.51,72.81,150,205.61,69.13,Valid
1615,ESP32-FARM-01,Ideal_Growth_Field,09-03-2026 06:00,54.02,6.69,23.42,24.59,70.62,845,198,68.6,Valid
1616,ESP32-FARM-01,Ideal_Growth_Field,09-03-2026 07:00,53.42,6.69,25.02,26.18,67.79,1648,209.96,70.97,Valid
1617,ESP32-FARM-01,Ideal_Growth_Field,09-03-2026 08:00,55.04,6.66,25.69,28.32,63.61,2369,209.23,65.12,Valid
1618,ESP32-FARM-01,Ideal_Growth_Field,09-03-2026 09:00,54.63,6.64,27.19,29.58,60.27,2970,218.19,67.47,Valid
1619,ESP32-FARM-01,Ideal_Growth_Field,09-03-2026 10:00,55.73,6.68,27.52,31.05,56.5,3423,215.19,69.64,Valid
1620,ESP32-FARM-01,Ideal_Growth_Field,09-03-2026 11:00,53.5,6.64,28.03,31.65,56.96,3704,219.95,67.52,Valid
1621,ESP32-FARM-01,Ideal_Growth_Field,09-03-2026 12:00,55.8,6.65,27.96,32.38,58.13,3800,221.06,66.83,Valid
1622,ESP32-FARM-01,Ideal_Growth_Field,09-03-2026 13:00,53.97,6.71,28,32.15,59.01,3704,218.26,67.7,Valid
1623,ESP32-FARM-01,Ideal_Growth_Field,09-03-2026 14:00,55.39,6.63,27.58,31.07,59.75,3423,220.61,66.67,Valid
1624,ESP32-FARM-01,Ideal_Growth_Field,09-03-2026 15:00,54.71,6.71,26.39,29.53,62.74,2970,211.56,68.24,Valid
1625,ESP32-FARM-01,Ideal_Growth_Field,09-03-2026 16:00,54.7,6.61,25.63,28.59,62.71,2369,209.4,65.5,Valid
1626,ESP32-FARM-01,Ideal_Growth_Field,09-03-2026 17:00,54.31,6.68,24.83,27.22,66.38,1648,206.98,67.88,Valid
1627,ESP32-FARM-01,Ideal_Growth_Field,09-03-2026 18:00,54.64,6.66,23.15,25.96,72.28,845,198.45,68.8,Valid
1628,ESP32-FARM-01,Ideal_Growth_Field,09-03-2026 19:00,54.85,6.57,22.52,23.21,74.6,150,196.65,68.03,Valid
1629,ESP32-FARM-01,Ideal_Growth_Field,09-03-2026 20:00,54.83,6.67,21.34,20.23,75.33,2,200.52,67.19,Valid
1630,ESP32-FARM-01,Ideal_Growth_Field,09-03-2026 21:00,55.33,6.64,21.48,19.79,74.82,5,198.74,68.37,Valid
1631,ESP32-FARM-01,Ideal_Growth_Field,09-03-2026 22:00,55.29,6.64,22.3,20.23,73.34,1,196.78,68.14,Valid
1632,ESP32-FARM-01,Ideal_Growth_Field,09-03-2026 23:00,53.09,6.64,22.23,19.85,77.26,10,194.62,66.78,Valid
1633,ESP32-FARM-01,Ideal_Growth_Field,10-03-2026 00:00,52.53,6.64,22.04,19.99,74.61,2,198.9,69.28,Valid
1634,ESP32-FARM-01,Ideal_Growth_Field,10-03-2026 01:00,52.47,6.65,21.53,19.59,78.14,6,196.64,65.49,Valid
1635,ESP32-FARM-01,Ideal_Growth_Field,10-03-2026 02:00,51.64,6.7,21.74,20.37,74.65,13,194.35,69.89,Valid
1636,ESP32-FARM-01,Ideal_Growth_Field,10-03-2026 03:00,53.94,6.63,22,19.47,76.14,6,201.29,70.02,Valid
1637,ESP32-FARM-01,Ideal_Growth_Field,10-03-2026 04:00,53.35,6.72,21.22,19.94,74.71,18,198.49,68.62,Valid
1638,ESP32-FARM-01,Ideal_Growth_Field,10-03-2026 05:00,53.72,6.65,22.48,22.81,71.69,150,196.43,67.27,Valid
1639,ESP32-FARM-01,Ideal_Growth_Field,10-03-2026 06:00,54.76,6.66,23.02,25.44,70.9,845,199.97,71.28,Valid
1640,ESP32-FARM-01,Ideal_Growth_Field,10-03-2026 07:00,54.22,6.68,24.2,27.08,67.25,1648,206.28,67.7,Valid
1641,ESP32-FARM-01,Ideal_Growth_Field,10-03-2026 08:00,54.51,6.68,25.66,28.75,62.29,2369,209.71,70.56,Valid
1642,ESP32-FARM-01,Ideal_Growth_Field,10-03-2026 09:00,54.62,6.63,26.37,30.34,61.74,2970,216.97,68.73,Valid
1643,ESP32-FARM-01,Ideal_Growth_Field,10-03-2026 10:00,56.28,6.62,27.61,31.32,60.76,3423,224.66,67.62,Valid
1644,ESP32-FARM-01,Ideal_Growth_Field,10-03-2026 11:00,55.33,6.61,28.23,31.62,55.19,3704,219.07,68.09,Valid
1645,ESP32-FARM-01,Ideal_Growth_Field,10-03-2026 12:00,55.07,6.71,28.02,32.27,59.9,3800,218.43,68.66,Valid
1646,ESP32-FARM-01,Ideal_Growth_Field,10-03-2026 13:00,55.33,6.68,28,31.32,59.56,3704,224.09,68.96,Valid
1647,ESP32-FARM-01,Ideal_Growth_Field,10-03-2026 14:00,55.59,6.62,27.42,31.05,58.12,3423,216.6,65.9,Valid
1648,ESP32-FARM-01,Ideal_Growth_Field,10-03-2026 15:00,54.33,6.64,26.52,30.05,61.3,2970,218.79,69.7,Valid
1649,ESP32-FARM-01,Ideal_Growth_Field,10-03-2026 16:00,55.24,6.66,25.58,28.74,63.95,2369,210.17,65.38,Valid
1650,ESP32-FARM-01,Ideal_Growth_Field,10-03-2026 17:00,56,6.64,23.82,27.24,68.51,1648,207.9,68.74,Valid
1651,ESP32-FARM-01,Ideal_Growth_Field,10-03-2026 18:00,55.58,6.65,22.65,24.11,71.74,845,191.81,68.46,Valid
1652,ESP32-FARM-01,Ideal_Growth_Field,10-03-2026 19:00,54.8,6.65,22.19,23.14,73.75,150,195.44,66.13,Valid
1653,ESP32-FARM-01,Ideal_Growth_Field,10-03-2026 20:00,54.37,6.71,21.98,20.83,73.63,11,193.7,69.85,Valid
1654,ESP32-FARM-01,Ideal_Growth_Field,10-03-2026 21:00,54.38,6.65,21.98,20.03,75.6,12,192.14,68.79,Valid
1655,ESP32-FARM-01,Ideal_Growth_Field,10-03-2026 22:00,53.96,6.61,22.08,20.42,74.5,23,195.57,66.76,Valid
1656,ESP32-FARM-01,Ideal_Growth_Field,10-03-2026 23:00,54.78,6.71,22.2,19.69,73.7,12,192.03,70.17,Valid
1657,ESP32-FARM-01,Ideal_Growth_Field,11-03-2026 00:00,51.68,6.69,21.8,19.85,73.65,18,196.99,65.96,Valid
1658,ESP32-FARM-01,Ideal_Growth_Field,11-03-2026 01:00,52.32,6.71,21.46,20.03,76.24,13,197.41,66.65,Valid
1659,ESP32-FARM-01,Ideal_Growth_Field,11-03-2026 02:00,53.45,6.63,22.58,19.62,74.98,4,191.48,70.28,Valid
1660,ESP32-FARM-01,Ideal_Growth_Field,11-03-2026 03:00,55.44,6.61,21.49,20.15,74.77,17,197.2,66.3,Valid
1661,ESP32-FARM-01,Ideal_Growth_Field,11-03-2026 04:00,53.6,6.59,22.14,20.2,74.22,2,199.05,66.53,Valid
1662,ESP32-FARM-01,Ideal_Growth_Field,11-03-2026 05:00,55.03,6.66,22.18,23.25,73.69,150,201.22,69.33,Valid
1663,ESP32-FARM-01,Ideal_Growth_Field,11-03-2026 06:00,54.4,6.7,23.39,24.52,71.28,845,199.3,67.89,Valid
1664,ESP32-FARM-01,Ideal_Growth_Field,11-03-2026 07:00,54.97,6.69,24.12,26.29,67.78,1648,209.42,68.11,Valid
1665,ESP32-FARM-01,Ideal_Growth_Field,11-03-2026 08:00,54.72,6.64,25.81,28.86,63.96,2369,213.96,69.23,Valid
1666,ESP32-FARM-01,Ideal_Growth_Field,11-03-2026 09:00,55.03,6.61,26.82,29.65,61.74,2970,214.39,68.72,Valid
1667,ESP32-FARM-01,Ideal_Growth_Field,11-03-2026 10:00,54.37,6.67,27.1,31.15,59.3,3423,218.18,67.82,Valid
1668,ESP32-FARM-01,Ideal_Growth_Field,11-03-2026 11:00,53.67,6.67,27.66,31.37,58.92,3704,220.74,65.34,Valid
1669,ESP32-FARM-01,Ideal_Growth_Field,11-03-2026 12:00,54.15,6.65,27.58,32.34,58.59,3800,219.9,68.82,Valid
1670,ESP32-FARM-01,Ideal_Growth_Field,11-03-2026 13:00,55.55,6.64,27.81,32.13,57.26,3704,216.35,70.51,Valid
1671,ESP32-FARM-01,Ideal_Growth_Field,11-03-2026 14:00,54.64,6.7,27.29,30.47,59.13,3423,214.34,66.99,Valid
1672,ESP32-FARM-01,Ideal_Growth_Field,11-03-2026 15:00,54.8,6.64,26.67,29.91,60.13,2970,220.38,68.46,Valid
1673,ESP32-FARM-01,Ideal_Growth_Field,11-03-2026 16:00,53.86,6.64,25.46,29.06,63.3,2369,207.9,66.69,Valid
1674,ESP32-FARM-01,Ideal_Growth_Field,11-03-2026 17:00,54.52,6.66,24.19,26.61,67.48,1648,208.96,66.71,Valid
1675,ESP32-FARM-01,Ideal_Growth_Field,11-03-2026 18:00,55.12,6.7,23.02,24.65,69.57,845,202.03,67.33,Valid
1676,ESP32-FARM-01,Ideal_Growth_Field,11-03-2026 19:00,54.02,6.68,22.24,23.2,74.8,150,191.66,69.4,Valid
1677,ESP32-FARM-01,Ideal_Growth_Field,11-03-2026 20:00,54.51,6.64,22.05,19.85,76.76,22,195.63,68.49,Valid
1678,ESP32-FARM-01,Ideal_Growth_Field,11-03-2026 21:00,52.73,6.74,21.75,20.06,74.41,13,195.02,70.7,Valid
1679,ESP32-FARM-01,Ideal_Growth_Field,11-03-2026 22:00,55.25,6.59,22.56,20.05,74.62,15,195.99,65.9,Valid
1680,ESP32-FARM-01,Ideal_Growth_Field,11-03-2026 23:00,53.91,6.7,21.8,20.08,75.75,24,196.65,66.54,Valid
1681,ESP32-FARM-01,Ideal_Growth_Field,12-03-2026 00:00,52.26,6.62,22.13,21.12,73.87,0,196.82,69.19,Valid
1682,ESP32-FARM-01,Ideal_Growth_Field,12-03-2026 01:00,52.67,6.7,21.69,20.2,74.28,16,194.88,68.58,Valid
1683,ESP32-FARM-01,Ideal_Growth_Field,12-03-2026 02:00,54.27,6.69,22.24,20.56,76.08,7,191.53,65.12,Valid
1684,ESP32-FARM-01,Ideal_Growth_Field,12-03-2026 03:00,52.87,6.71,22.25,20.16,72.48,7,198.15,65.56,Valid
1685,ESP32-FARM-01,Ideal_Growth_Field,12-03-2026 04:00,53.88,6.71,21.47,20.06,74.56,0,193.88,70.29,Valid
1686,ESP32-FARM-01,Ideal_Growth_Field,12-03-2026 05:00,53.16,6.65,22.25,23.9,75.85,150,195.27,67.37,Valid
1687,ESP32-FARM-01,Ideal_Growth_Field,12-03-2026 06:00,55.66,6.61,23.09,24.73,71.25,845,196.84,69.06,Valid
1688,ESP32-FARM-01,Ideal_Growth_Field,12-03-2026 07:00,54.58,6.65,24.68,27.23,67.03,1648,208.49,67.86,Valid
1689,ESP32-FARM-01,Ideal_Growth_Field,12-03-2026 08:00,56.53,6.7,25.71,28.32,62.26,2369,215.26,69.26,Valid
1690,ESP32-FARM-01,Ideal_Growth_Field,12-03-2026 09:00,55.77,6.66,26.69,30.89,59.53,2970,208.64,70.48,Valid
1691,ESP32-FARM-01,Ideal_Growth_Field,12-03-2026 10:00,55.43,6.61,27.44,31.26,58.96,3423,212.51,65.89,Valid
1692,ESP32-FARM-01,Ideal_Growth_Field,12-03-2026 11:00,56.06,6.65,27.99,32.32,55.56,3704,220.41,70.05,Valid
1693,ESP32-FARM-01,Ideal_Growth_Field,12-03-2026 12:00,55.81,6.69,28.49,31.81,58.23,3800,216.5,68.99,Valid
1694,ESP32-FARM-01,Ideal_Growth_Field,12-03-2026 13:00,55.17,6.67,27.71,31.81,57.65,3704,221.02,68.22,Valid
1695,ESP32-FARM-01,Ideal_Growth_Field,12-03-2026 14:00,54.67,6.67,27.76,30.88,56.45,3423,217.94,68.52,Valid
1696,ESP32-FARM-01,Ideal_Growth_Field,12-03-2026 15:00,55.11,6.66,26.87,31,61.58,2970,214.62,64.55,Valid
1697,ESP32-FARM-01,Ideal_Growth_Field,12-03-2026 16:00,54.32,6.66,25.54,28.31,64.34,2369,208.43,67.83,Valid
1698,ESP32-FARM-01,Ideal_Growth_Field,12-03-2026 17:00,54.47,6.69,24.26,27.43,68.5,1648,211.59,67.85,Valid
1699,ESP32-FARM-01,Ideal_Growth_Field,12-03-2026 18:00,54.84,6.68,23.45,24.99,69.09,845,198.08,68.57,Valid
1700,ESP32-FARM-01,Ideal_Growth_Field,12-03-2026 19:00,52.38,6.67,21.9,23.03,74.33,150,197.74,67.72,Valid
1701,ESP32-FARM-01,Ideal_Growth_Field,12-03-2026 20:00,53.78,6.7,21.93,20.01,74.53,9,196.32,68.96,Valid
1702,ESP32-FARM-01,Ideal_Growth_Field,12-03-2026 21:00,54.56,6.69,22.44,20.3,74.67,11,197.25,68.39,Valid
1703,ESP32-FARM-01,Ideal_Growth_Field,12-03-2026 22:00,53.65,6.65,22.27,19.67,76.8,3,196.45,69.89,Valid
1704,ESP32-FARM-01,Ideal_Growth_Field,12-03-2026 23:00,53.38,6.62,22.44,20.24,77.1,1,195.64,70.13,Valid
1705,ESP32-FARM-01,Ideal_Growth_Field,13-03-2026 00:00,51.6,6.71,22.08,20.57,75.31,14,198.55,62.67,Valid
1706,ESP32-FARM-01,Ideal_Growth_Field,13-03-2026 01:00,52.17,6.61,22.2,19.18,75.79,2,194.11,67.99,Valid
1707,ESP32-FARM-01,Ideal_Growth_Field,13-03-2026 02:00,54.53,6.64,22.5,20.92,74.61,13,199.27,66.78,Valid
1708,ESP32-FARM-01,Ideal_Growth_Field,13-03-2026 03:00,53.66,6.72,22.36,20.06,76.12,9,197.52,66.83,Valid
1709,ESP32-FARM-01,Ideal_Growth_Field,13-03-2026 04:00,53.4,6.68,22.28,19.61,75.66,0,191.44,67.39,Valid
1710,ESP32-FARM-01,Ideal_Growth_Field,13-03-2026 05:00,54.14,6.67,22.3,23.72,75.13,150,199.13,67.66,Valid
1711,ESP32-FARM-01,Ideal_Growth_Field,13-03-2026 06:00,55.88,6.62,23.3,24.7,71.26,845,195.12,67.79,Valid
1712,ESP32-FARM-01,Ideal_Growth_Field,13-03-2026 07:00,54.87,6.66,24.1,26.73,67.13,1648,201.4,68.52,Valid
1713,ESP32-FARM-01,Ideal_Growth_Field,13-03-2026 08:00,54.21,6.63,25.35,28.77,64.32,2369,214.98,66.66,Valid
1714,ESP32-FARM-01,Ideal_Growth_Field,13-03-2026 09:00,56.26,6.73,26.37,30.07,61.26,2970,210.86,66.46,Valid
1715,ESP32-FARM-01,Ideal_Growth_Field,13-03-2026 10:00,55.89,6.63,27.41,31.01,59.26,3423,212.17,66.29,Valid
1716,ESP32-FARM-01,Ideal_Growth_Field,13-03-2026 11:00,55.03,6.61,28.08,31.65,56.65,3704,217.33,68.23,Valid
1717,ESP32-FARM-01,Ideal_Growth_Field,13-03-2026 12:00,55.19,6.63,27.92,32.16,56.24,3800,220.2,66.45,Valid
1718,ESP32-FARM-01,Ideal_Growth_Field,13-03-2026 13:00,53.11,6.62,28.22,31.79,57.36,3704,224.01,67.77,Valid
1719,ESP32-FARM-01,Ideal_Growth_Field,13-03-2026 14:00,55.55,6.6,27.9,30.59,57.08,3423,221.03,66.7,Valid
1720,ESP32-FARM-01,Ideal_Growth_Field,13-03-2026 15:00,54.01,6.64,26.63,29.74,62.25,2970,215.27,65.47,Valid
1721,ESP32-FARM-01,Ideal_Growth_Field,13-03-2026 16:00,53.77,6.66,25.81,28.13,64.24,2369,211.89,66.19,Valid
1722,ESP32-FARM-01,Ideal_Growth_Field,13-03-2026 17:00,52.63,6.63,24.43,26.79,67.14,1648,200.98,66.07,Valid
1723,ESP32-FARM-01,Ideal_Growth_Field,13-03-2026 18:00,54.98,6.69,22.8,25.3,70.85,845,202.52,71.13,Valid
1724,ESP32-FARM-01,Ideal_Growth_Field,13-03-2026 19:00,54.68,6.65,22.18,23.6,73.31,150,193.39,66.65,Valid
1725,ESP32-FARM-01,Ideal_Growth_Field,13-03-2026 20:00,54.51,6.64,22.34,20.15,75.1,3,196.98,68.73,Valid
1726,ESP32-FARM-01,Ideal_Growth_Field,13-03-2026 21:00,53.58,6.66,21.91,19.24,73.76,7,197.96,67.55,Valid
1727,ESP32-FARM-01,Ideal_Growth_Field,13-03-2026 22:00,54.4,6.69,22.48,19.85,76.55,24,191.52,67.84,Valid
1728,ESP32-FARM-01,Ideal_Growth_Field,13-03-2026 23:00,53.59,6.7,21.72,20.46,75.29,16,190.9,68.01,Valid
1729,ESP32-FARM-01,Ideal_Growth_Field,14-03-2026 00:00,52.36,6.67,21.73,20.26,75.22,8,191.77,68.66,Valid
1730,ESP32-FARM-01,Ideal_Growth_Field,14-03-2026 01:00,52.96,6.77,21.58,20.27,73.82,4,201.55,67.65,Valid
1731,ESP32-FARM-01,Ideal_Growth_Field,14-03-2026 02:00,54.15,6.61,21.91,19.8,75.19,9,199.17,67.6,Valid
1732,ESP32-FARM-01,Ideal_Growth_Field,14-03-2026 03:00,53.62,6.64,22.29,20.03,75.55,0,194.16,69.82,Valid
1733,ESP32-FARM-01,Ideal_Growth_Field,14-03-2026 04:00,53.55,6.66,22.26,19.32,72.67,9,194.77,66.91,Valid
1734,ESP32-FARM-01,Ideal_Growth_Field,14-03-2026 05:00,53.69,6.69,22.26,23.01,75.74,150,195.96,66.94,Valid
1735,ESP32-FARM-01,Ideal_Growth_Field,14-03-2026 06:00,54.96,6.71,23.36,24.96,70.87,845,198.53,70.25,Valid
1736,ESP32-FARM-01,Ideal_Growth_Field,14-03-2026 07:00,55.08,6.65,24.17,26.77,65.33,1648,205.35,68.99,Valid
1737,ESP32-FARM-01,Ideal_Growth_Field,14-03-2026 08:00,54.04,6.71,26.21,28.36,63.11,2369,212.74,66.53,Valid
1738,ESP32-FARM-01,Ideal_Growth_Field,14-03-2026 09:00,55.96,6.61,26.48,30.29,61.39,2970,216.13,67.09,Valid
1739,ESP32-FARM-01,Ideal_Growth_Field,14-03-2026 10:00,55.43,6.58,27.23,31.38,57.28,3423,210.27,67.31,Valid
1740,ESP32-FARM-01,Ideal_Growth_Field,14-03-2026 11:00,54.69,6.62,27.8,32.07,58.56,3704,218.22,66.39,Valid
1741,ESP32-FARM-01,Ideal_Growth_Field,14-03-2026 12:00,55.88,6.62,28.22,31.98,57.89,3800,218.5,66.73,Valid
1742,ESP32-FARM-01,Ideal_Growth_Field,14-03-2026 13:00,55.15,6.73,28.73,31.44,57.25,3704,222.62,68.36,Valid
1743,ESP32-FARM-01,Ideal_Growth_Field,14-03-2026 14:00,55.78,6.65,27.52,31.42,58.73,3423,217.1,67.67,Valid
1744,ESP32-FARM-01,Ideal_Growth_Field,14-03-2026 15:00,53.72,6.61,26.36,29.57,61.09,2970,214.95,69.47,Valid
1745,ESP32-FARM-01,Ideal_Growth_Field,14-03-2026 16:00,54.08,6.68,25.89,28.75,62.92,2369,206.87,69.63,Valid
1746,ESP32-FARM-01,Ideal_Growth_Field,14-03-2026 17:00,54.67,6.63,24.61,26.53,68.72,1648,202.93,66.49,Valid
1747,ESP32-FARM-01,Ideal_Growth_Field,14-03-2026 18:00,53.39,6.64,23.39,24.77,71.83,845,201.65,68.23,Valid
1748,ESP32-FARM-01,Ideal_Growth_Field,14-03-2026 19:00,54.94,6.67,22.4,23.07,74.01,150,196.96,69.5,Valid
1749,ESP32-FARM-01,Ideal_Growth_Field,14-03-2026 20:00,54.23,6.64,22.15,20.18,77.3,1,199.69,69.89,Valid
1750,ESP32-FARM-01,Ideal_Growth_Field,14-03-2026 21:00,55.3,6.6,22.16,20.06,74.56,11,193.81,67.33,Valid
1751,ESP32-FARM-01,Ideal_Growth_Field,14-03-2026 22:00,53.3,6.61,22.46,20.27,73.76,12,192.45,67.39,Valid
1752,ESP32-FARM-01,Ideal_Growth_Field,14-03-2026 23:00,53.46,6.58,21.21,19.75,74.7,3,190.16,67.23,Valid
1753,ESP32-FARM-01,Ideal_Growth_Field,15-03-2026 00:00,51.6,6.69,22.41,20.06,75.95,5,194.66,69.15,Valid
1754,ESP32-FARM-01,Ideal_Growth_Field,15-03-2026 01:00,53.11,6.71,21.94,20.02,73.96,2,195.51,67.42,Valid
1755,ESP32-FARM-01,Ideal_Growth_Field,15-03-2026 02:00,53.09,6.61,21.91,19.85,75.34,23,193.04,67.71,Valid
1756,ESP32-FARM-01,Ideal_Growth_Field,15-03-2026 03:00,52.6,6.67,21.88,19.87,76.17,0,193.71,67.22,Valid
1757,ESP32-FARM-01,Ideal_Growth_Field,15-03-2026 04:00,53.65,6.64,22.72,20.46,73.69,17,194.54,65.99,Valid
1758,ESP32-FARM-01,Ideal_Growth_Field,15-03-2026 05:00,53.04,6.65,22.49,23.86,73.08,150,192.39,67.83,Valid
1759,ESP32-FARM-01,Ideal_Growth_Field,15-03-2026 06:00,53.4,6.61,23.28,25.04,69.52,845,197.16,69.43,Valid
1760,ESP32-FARM-01,Ideal_Growth_Field,15-03-2026 07:00,54.58,6.63,24.44,27.31,70.39,1648,198.82,67.29,Valid
1761,ESP32-FARM-01,Ideal_Growth_Field,15-03-2026 08:00,54.71,6.58,24.95,28.67,65.47,2369,210.16,69.43,Valid
1762,ESP32-FARM-01,Ideal_Growth_Field,15-03-2026 09:00,55.22,6.73,26.24,30.32,59.71,2970,212.55,66.47,Valid
1763,ESP32-FARM-01,Ideal_Growth_Field,15-03-2026 10:00,54.92,6.63,27.79,31.49,60.99,3423,214.54,68.98,Valid
1764,ESP32-FARM-01,Ideal_Growth_Field,15-03-2026 11:00,55.23,6.62,27.27,32.26,56.81,3704,217.23,66.75,Valid
1765,ESP32-FARM-01,Ideal_Growth_Field,15-03-2026 12:00,55.13,6.59,28.22,32.39,56.43,3800,220.71,68.31,Valid
1766,ESP32-FARM-01,Ideal_Growth_Field,15-03-2026 13:00,54.76,6.65,27.74,31.44,57.34,3704,222.41,67.42,Valid
1767,ESP32-FARM-01,Ideal_Growth_Field,15-03-2026 14:00,56.29,6.59,27.41,31.39,59.51,3423,214.4,67.93,Valid
1768,ESP32-FARM-01,Ideal_Growth_Field,15-03-2026 15:00,56,6.59,25.99,30.02,59.38,2970,216.06,67.49,Valid
1769,ESP32-FARM-01,Ideal_Growth_Field,15-03-2026 16:00,55.1,6.63,25.52,28.66,63.85,2369,210,66.52,Valid
1770,ESP32-FARM-01,Ideal_Growth_Field,15-03-2026 17:00,54.43,6.69,24.59,26.93,66.1,1648,205.5,67.61,Valid
1771,ESP32-FARM-01,Ideal_Growth_Field,15-03-2026 18:00,54.33,6.64,23.29,25.84,70.22,845,202.28,66.46,Valid
1772,ESP32-FARM-01,Ideal_Growth_Field,15-03-2026 19:00,55.43,6.62,22.93,23.77,75.83,150,192.5,68.76,Valid
1773,ESP32-FARM-01,Ideal_Growth_Field,15-03-2026 20:00,55.59,6.62,22.09,19.38,75.44,22,195.24,66.12,Valid
1774,ESP32-FARM-01,Ideal_Growth_Field,15-03-2026 21:00,53.06,6.63,21.82,20.1,76.07,9,199.11,68.5,Valid
1775,ESP32-FARM-01,Ideal_Growth_Field,15-03-2026 22:00,54.34,6.68,22.04,19.67,74.09,15,198.03,66.28,Valid
1776,ESP32-FARM-01,Ideal_Growth_Field,15-03-2026 23:00,53.08,6.65,22.21,20.05,74.57,2,190.39,67.44,Valid
1777,ESP32-FARM-01,Ideal_Growth_Field,16-03-2026 00:00,53.59,6.66,22.28,20.39,74.11,0,194.26,69.9,Valid
1778,ESP32-FARM-01,Ideal_Growth_Field,16-03-2026 01:00,53.89,6.63,22.02,19.95,74.53,18,199.07,69.95,Valid
1779,ESP32-FARM-01,Ideal_Growth_Field,16-03-2026 02:00,54.17,6.61,21.51,19.82,73.79,11,198.55,68.72,Valid
1780,ESP32-FARM-01,Ideal_Growth_Field,16-03-2026 03:00,52.96,6.68,22.25,20.08,75.7,6,195.98,68.71,Valid
1781,ESP32-FARM-01,Ideal_Growth_Field,16-03-2026 04:00,54.43,6.59,21.4,20.26,74.79,21,198.89,69.36,Valid
1782,ESP32-FARM-01,Ideal_Growth_Field,16-03-2026 05:00,55.41,6.66,22.62,23.28,74.54,150,201.47,69.43,Valid
1783,ESP32-FARM-01,Ideal_Growth_Field,16-03-2026 06:00,55.5,6.58,23.39,25.62,70.95,845,199.08,68.61,Valid
1784,ESP32-FARM-01,Ideal_Growth_Field,16-03-2026 07:00,53.87,6.67,24.86,28.16,65.08,1648,204.78,67.12,Valid
1785,ESP32-FARM-01,Ideal_Growth_Field,16-03-2026 08:00,54.81,6.65,24.96,28.79,63.26,2369,212.21,68.43,Valid
1786,ESP32-FARM-01,Ideal_Growth_Field,16-03-2026 09:00,54.54,6.62,26.71,29.85,61.19,2970,219.19,69.03,Valid
1787,ESP32-FARM-01,Ideal_Growth_Field,16-03-2026 10:00,54.21,6.63,27.28,31.08,59.51,3423,214.55,71.01,Valid
1788,ESP32-FARM-01,Ideal_Growth_Field,16-03-2026 11:00,54.41,6.66,27.86,31.69,58.69,3704,219.81,68.89,Valid
1789,ESP32-FARM-01,Ideal_Growth_Field,16-03-2026 12:00,55.92,6.61,27.41,32.13,56.28,3800,217.9,66.72,Valid
1790,ESP32-FARM-01,Ideal_Growth_Field,16-03-2026 13:00,54.32,6.6,27.16,31.5,56.64,3704,219.84,71.63,Valid
1791,ESP32-FARM-01,Ideal_Growth_Field,16-03-2026 14:00,55.43,6.66,27.43,30.84,58.44,3423,221.49,68.18,Valid
1792,ESP32-FARM-01,Ideal_Growth_Field,16-03-2026 15:00,55.1,6.67,26.7,30.03,59.94,2970,217.89,72.38,Valid
1793,ESP32-FARM-01,Ideal_Growth_Field,16-03-2026 16:00,54.77,6.66,25.7,28.71,63.99,2369,213.75,67.04,Valid
1794,ESP32-FARM-01,Ideal_Growth_Field,16-03-2026 17:00,53.85,6.65,24.95,26.71,68.31,1648,208.53,67.88,Valid
1795,ESP32-FARM-01,Ideal_Growth_Field,16-03-2026 18:00,54.5,6.63,23.49,25.04,71.31,845,197.63,69.68,Valid
1796,ESP32-FARM-01,Ideal_Growth_Field,16-03-2026 19:00,55.2,6.63,22.39,23.18,73.86,150,189.89,68.65,Valid
1797,ESP32-FARM-01,Ideal_Growth_Field,16-03-2026 20:00,53.87,6.69,21.78,20.29,73.59,6,195.14,64.87,Valid
1798,ESP32-FARM-01,Ideal_Growth_Field,16-03-2026 21:00,53.71,6.68,22.21,19.69,75.53,4,196.9,69.2,Valid
1799,ESP32-FARM-01,Ideal_Growth_Field,16-03-2026 22:00,53.23,6.66,22.03,19.5,74.21,24,192.52,70.17,Valid
1800,ESP32-FARM-01,Ideal_Growth_Field,16-03-2026 23:00,53.61,6.65,21.46,19.71,74.87,1,197.78,66.32,Valid
1801,ESP32-FARM-01,Ideal_Growth_Field,17-03-2026 00:00,52.12,6.6,21.92,19.42,74.43,2,197.3,68.44,Valid
1802,ESP32-FARM-01,Ideal_Growth_Field,17-03-2026 01:00,53.76,6.65,22.52,20.28,74.73,12,194.47,68.94,Valid
1803,ESP32-FARM-01,Ideal_Growth_Field,17-03-2026 02:00,53.71,6.61,21.96,19.44,75.2,6,193.07,68.89,Valid
1804,ESP32-FARM-01,Ideal_Growth_Field,17-03-2026 03:00,54.73,6.63,22.5,20.53,73.35,21,193.8,69.74,Valid
1805,ESP32-FARM-01,Ideal_Growth_Field,17-03-2026 04:00,53.65,6.67,22.03,19.52,73.9,18,199.71,70.45,Valid
1806,ESP32-FARM-01,Ideal_Growth_Field,17-03-2026 05:00,54.02,6.66,22.12,22.9,74.01,150,196.74,68.9,Valid
1807,ESP32-FARM-01,Ideal_Growth_Field,17-03-2026 06:00,53.51,6.66,23.57,25.72,72.74,845,206.02,68.12,Valid
1808,ESP32-FARM-01,Ideal_Growth_Field,17-03-2026 07:00,55.05,6.55,24.05,26.6,68.03,1648,207.41,68.93,Valid
1809,ESP32-FARM-01,Ideal_Growth_Field,17-03-2026 08:00,54.37,6.68,26.26,28.22,64.93,2369,208.75,66.71,Valid
1810,ESP32-FARM-01,Ideal_Growth_Field,17-03-2026 09:00,54.68,6.69,26.94,30.03,61.03,2970,214.26,66.18,Valid
1811,ESP32-FARM-01,Ideal_Growth_Field,17-03-2026 10:00,54.31,6.58,27.65,30.85,57.8,3423,220.55,69.36,Valid
1812,ESP32-FARM-01,Ideal_Growth_Field,17-03-2026 11:00,54.77,6.66,28.03,31.81,58,3704,215.19,68.06,Valid
1813,ESP32-FARM-01,Ideal_Growth_Field,17-03-2026 12:00,55.74,6.61,28.34,31.5,57.83,3800,216.69,68.95,Valid
1814,ESP32-FARM-01,Ideal_Growth_Field,17-03-2026 13:00,55.63,6.63,27.95,31.88,57.57,3704,221.3,65.05,Valid
1815,ESP32-FARM-01,Ideal_Growth_Field,17-03-2026 14:00,55.16,6.67,27.37,31.27,59.88,3423,220.72,67.39,Valid
1816,ESP32-FARM-01,Ideal_Growth_Field,17-03-2026 15:00,54.65,6.67,26.26,29.78,60.63,2970,207.63,68.33,Valid
1817,ESP32-FARM-01,Ideal_Growth_Field,17-03-2026 16:00,56.23,6.69,25.53,28.89,63.75,2369,207.82,68.56,Valid
1818,ESP32-FARM-01,Ideal_Growth_Field,17-03-2026 17:00,54.62,6.69,24.66,27.09,65.07,1648,206.69,71.97,Valid
1819,ESP32-FARM-01,Ideal_Growth_Field,17-03-2026 18:00,56.41,6.62,23.31,25.07,71.59,845,199.16,68.73,Valid
1820,ESP32-FARM-01,Ideal_Growth_Field,17-03-2026 19:00,55.35,6.74,22.34,23.72,72.19,150,197.77,66.83,Valid
1821,ESP32-FARM-01,Ideal_Growth_Field,17-03-2026 20:00,54.57,6.67,22.18,20.37,77.24,19,193.65,68.6,Valid
1822,ESP32-FARM-01,Ideal_Growth_Field,17-03-2026 21:00,54,6.7,21.9,20,75.37,0,195.8,68.82,Valid
1823,ESP32-FARM-01,Ideal_Growth_Field,17-03-2026 22:00,54.44,6.69,21.72,20.41,75.81,1,197.34,70.43,Valid
1824,ESP32-FARM-01,Ideal_Growth_Field,17-03-2026 23:00,53.75,6.64,22.3,20.44,75.35,13,198.5,69.33,Valid
1825,ESP32-FARM-01,Ideal_Growth_Field,18-03-2026 00:00,51.65,6.69,21.94,19.57,73.68,20,191.68,66.86,Valid
1826,ESP32-FARM-01,Ideal_Growth_Field,18-03-2026 01:00,53.36,6.64,21.76,19.25,72.89,3,194.73,64.48,Valid
1827,ESP32-FARM-01,Ideal_Growth_Field,18-03-2026 02:00,52.75,6.65,21.85,20.04,74.57,3,194.4,66.8,Valid
1828,ESP32-FARM-01,Ideal_Growth_Field,18-03-2026 03:00,52.55,6.71,22.08,20.55,74.17,6,197.96,68.91,Valid
1829,ESP32-FARM-01,Ideal_Growth_Field,18-03-2026 04:00,52.96,6.62,22,20.18,74.42,20,197.65,68.22,Valid
1830,ESP32-FARM-01,Ideal_Growth_Field,18-03-2026 05:00,54.83,6.63,22.14,23.6,75.49,150,196.54,69.87,Valid
1831,ESP32-FARM-01,Ideal_Growth_Field,18-03-2026 06:00,54.11,6.65,23.19,24.8,70.96,845,204.76,69.37,Valid
1832,ESP32-FARM-01,Ideal_Growth_Field,18-03-2026 07:00,53.61,6.6,24.82,26.83,66.79,1648,208.92,67.54,Valid
1833,ESP32-FARM-01,Ideal_Growth_Field,18-03-2026 08:00,55.65,6.67,25.69,29.2,61.2,2369,214.24,66.67,Valid
1834,ESP32-FARM-01,Ideal_Growth_Field,18-03-2026 09:00,54.97,6.59,26.51,29.52,62.53,2970,217.45,66.39,Valid
1835,ESP32-FARM-01,Ideal_Growth_Field,18-03-2026 10:00,55.23,6.63,27.4,30.76,58.16,3423,214.92,66.23,Valid
1836,ESP32-FARM-01,Ideal_Growth_Field,18-03-2026 11:00,55.88,6.66,28.28,32.26,56.27,3704,217.6,70.02,Valid
1837,ESP32-FARM-01,Ideal_Growth_Field,18-03-2026 12:00,54.92,6.64,28.39,32.16,56.13,3800,223.48,67.12,Valid
1838,ESP32-FARM-01,Ideal_Growth_Field,18-03-2026 13:00,54.11,6.73,27.72,31.69,58.69,3704,222.56,66.41,Valid
1839,ESP32-FARM-01,Ideal_Growth_Field,18-03-2026 14:00,54.55,6.65,27.55,31.04,58.32,3423,222.82,66.63,Valid
1840,ESP32-FARM-01,Ideal_Growth_Field,18-03-2026 15:00,55.03,6.68,26.06,30.59,60.18,2970,217.26,67.4,Valid
1841,ESP32-FARM-01,Ideal_Growth_Field,18-03-2026 16:00,54.39,6.62,25.7,28.45,62.08,2369,211.47,68.05,Valid
1842,ESP32-FARM-01,Ideal_Growth_Field,18-03-2026 17:00,54.78,6.63,24.31,26.47,66.86,1648,205.73,69.05,Valid
1843,ESP32-FARM-01,Ideal_Growth_Field,18-03-2026 18:00,53.87,6.67,23.43,24.88,72.17,845,200.88,66.68,Valid
1844,ESP32-FARM-01,Ideal_Growth_Field,18-03-2026 19:00,54.26,6.65,22.21,23.32,74.34,150,196.51,69.83,Valid
1845,ESP32-FARM-01,Ideal_Growth_Field,18-03-2026 20:00,54.4,6.62,21.31,19.46,74.9,3,193.11,70.8,Valid
1846,ESP32-FARM-01,Ideal_Growth_Field,18-03-2026 21:00,53.82,6.72,21.84,19.62,72.57,22,191.21,69.52,Valid
1847,ESP32-FARM-01,Ideal_Growth_Field,18-03-2026 22:00,53.79,6.7,21.62,19.8,77.66,0,195.06,70.24,Valid
1848,ESP32-FARM-01,Ideal_Growth_Field,18-03-2026 23:00,53.02,6.61,21.79,20.14,74.82,10,193.15,68.41,Valid
1849,ESP32-FARM-01,Ideal_Growth_Field,19-03-2026 00:00,52.73,6.7,21.95,20.37,76.68,22,197.07,70.15,Valid
1850,ESP32-FARM-01,Ideal_Growth_Field,19-03-2026 01:00,53.77,6.6,21.96,20.37,75.54,12,194.41,68.04,Valid
1851,ESP32-FARM-01,Ideal_Growth_Field,19-03-2026 02:00,52.41,6.61,21.9,19.9,76.17,16,192.23,69.39,Valid
1852,ESP32-FARM-01,Ideal_Growth_Field,19-03-2026 03:00,55.04,6.72,22.46,20.94,76.36,22,195.06,67.4,Valid
1853,ESP32-FARM-01,Ideal_Growth_Field,19-03-2026 04:00,54.94,6.68,21.25,19.4,73.27,19,192.38,68.16,Valid
1854,ESP32-FARM-01,Ideal_Growth_Field,19-03-2026 05:00,53.47,6.6,22.52,22.89,74.18,150,194.84,65.88,Valid
1855,ESP32-FARM-01,Ideal_Growth_Field,19-03-2026 06:00,54.59,6.62,23.6,25.46,70.8,845,198.88,65.63,Valid
1856,ESP32-FARM-01,Ideal_Growth_Field,19-03-2026 07:00,54.79,6.72,25.03,27.57,68.01,1648,203.79,67.42,Valid
1857,ESP32-FARM-01,Ideal_Growth_Field,19-03-2026 08:00,54.45,6.66,25.95,28.31,64.03,2369,209.93,66.86,Valid
1858,ESP32-FARM-01,Ideal_Growth_Field,19-03-2026 09:00,55.22,6.67,26.61,29.77,61.2,2970,214.63,67.69,Valid
1859,ESP32-FARM-01,Ideal_Growth_Field,19-03-2026 10:00,54.92,6.65,27.81,30.9,58.96,3423,213.42,68.98,Valid
1860,ESP32-FARM-01,Ideal_Growth_Field,19-03-2026 11:00,54.26,6.61,27.8,31.99,56.02,3704,211.93,66.87,Valid
1861,ESP32-FARM-01,Ideal_Growth_Field,19-03-2026 12:00,55.93,6.65,27.95,31.47,56.42,3800,220.76,68.09,Valid
1862,ESP32-FARM-01,Ideal_Growth_Field,19-03-2026 13:00,55.72,6.62,27.58,31.55,58.23,3704,219.01,69.83,Valid
1863,ESP32-FARM-01,Ideal_Growth_Field,19-03-2026 14:00,56.06,6.7,28.05,30.92,59.07,3423,214.5,70.85,Valid
1864,ESP32-FARM-01,Ideal_Growth_Field,19-03-2026 15:00,54.27,6.68,26.72,30.15,60.5,2970,211.26,66.67,Valid
1865,ESP32-FARM-01,Ideal_Growth_Field,19-03-2026 16:00,55.26,6.63,26.06,28.68,61.62,2369,210.34,69.02,Valid
1866,ESP32-FARM-01,Ideal_Growth_Field,19-03-2026 17:00,54.2,6.7,24.37,26.23,66.76,1648,205.71,67.37,Valid
1867,ESP32-FARM-01,Ideal_Growth_Field,19-03-2026 18:00,56.06,6.61,22.9,25.15,70.39,845,204.43,69.84,Valid
1868,ESP32-FARM-01,Ideal_Growth_Field,19-03-2026 19:00,54.26,6.71,22.47,23.33,74.91,150,193.63,62.81,Valid
1869,ESP32-FARM-01,Ideal_Growth_Field,19-03-2026 20:00,53.63,6.59,22.33,20.33,75.73,4,194.82,67.84,Valid
1870,ESP32-FARM-01,Ideal_Growth_Field,19-03-2026 21:00,54.29,6.63,22.21,20.46,74.39,11,196.68,67.33,Valid
1871,ESP32-FARM-01,Ideal_Growth_Field,19-03-2026 22:00,55.28,6.7,22.17,20.09,75.44,1,192.46,66.83,Valid
1872,ESP32-FARM-01,Ideal_Growth_Field,19-03-2026 23:00,54.2,6.58,22.13,20.29,74.48,20,187.3,67.18,Valid
1873,ESP32-FARM-01,Ideal_Growth_Field,20-03-2026 00:00,53.21,6.6,21.84,19.83,75.31,7,199.38,64.82,Valid
1874,ESP32-FARM-01,Ideal_Growth_Field,20-03-2026 01:00,52.04,6.6,21.77,20.17,77.14,22,193.91,69.27,Valid
1875,ESP32-FARM-01,Ideal_Growth_Field,20-03-2026 02:00,51.89,6.66,22.34,19.95,75.7,16,195.36,69.57,Valid
1876,ESP32-FARM-01,Ideal_Growth_Field,20-03-2026 03:00,53.96,6.68,22.22,19.91,75.2,18,196.77,66.81,Valid
1877,ESP32-FARM-01,Ideal_Growth_Field,20-03-2026 04:00,54.34,6.73,22.36,19.98,75.23,20,199.21,68.98,Valid
1878,ESP32-FARM-01,Ideal_Growth_Field,20-03-2026 05:00,52.68,6.69,22.35,22.8,73.62,150,193.47,65.64,Valid
1879,ESP32-FARM-01,Ideal_Growth_Field,20-03-2026 06:00,55.17,6.7,23.61,25.09,72.62,845,197.54,66.61,Valid
1880,ESP32-FARM-01,Ideal_Growth_Field,20-03-2026 07:00,53.28,6.68,24.97,27.67,68.85,1648,207.19,67.83,Valid
1881,ESP32-FARM-01,Ideal_Growth_Field,20-03-2026 08:00,54.18,6.57,25.85,28.72,64.2,2369,213.69,68.75,Valid
1882,ESP32-FARM-01,Ideal_Growth_Field,20-03-2026 09:00,54.77,6.66,26.49,30.05,62.47,2970,214.58,65.89,Valid
1883,ESP32-FARM-01,Ideal_Growth_Field,20-03-2026 10:00,54.76,6.63,27.83,31.38,58.2,3423,217.25,70.43,Valid
1884,ESP32-FARM-01,Ideal_Growth_Field,20-03-2026 11:00,55.16,6.64,27.85,31.92,58.63,3704,221.22,68.44,Valid
1885,ESP32-FARM-01,Ideal_Growth_Field,20-03-2026 12:00,54.61,6.68,27.94,32,55.87,3800,219.51,70.24,Valid
1886,ESP32-FARM-01,Ideal_Growth_Field,20-03-2026 13:00,55.29,6.65,27.88,31.51,59.39,3704,220.22,69.45,Valid
1887,ESP32-FARM-01,Ideal_Growth_Field,20-03-2026 14:00,54.73,6.6,27.93,31.47,56.28,3423,219.96,69.05,Valid
1888,ESP32-FARM-01,Ideal_Growth_Field,20-03-2026 15:00,56.27,6.63,26.64,29.41,61.68,2970,208.43,69.56,Valid
1889,ESP32-FARM-01,Ideal_Growth_Field,20-03-2026 16:00,54.32,6.67,25.23,28.88,63.42,2369,208.65,68.25,Valid
1890,ESP32-FARM-01,Ideal_Growth_Field,20-03-2026 17:00,54.03,6.62,24.03,27.26,67.06,1648,199.32,68.31,Valid
1891,ESP32-FARM-01,Ideal_Growth_Field,20-03-2026 18:00,54.8,6.63,22.95,25.19,71.56,845,202.45,66.39,Valid
1892,ESP32-FARM-01,Ideal_Growth_Field,20-03-2026 19:00,53.84,6.64,21.84,23.07,74.74,150,196.53,67.01,Valid
1893,ESP32-FARM-01,Ideal_Growth_Field,20-03-2026 20:00,55.21,6.68,21.94,20.73,75.81,2,191.49,68.5,Valid
1894,ESP32-FARM-01,Ideal_Growth_Field,20-03-2026 21:00,53.67,6.64,22.15,20,73.57,7,198.57,66.78,Valid
1895,ESP32-FARM-01,Ideal_Growth_Field,20-03-2026 22:00,53.13,6.61,21.67,19.17,73.84,18,190.24,66.85,Valid
1896,ESP32-FARM-01,Ideal_Growth_Field,20-03-2026 23:00,53.5,6.65,22.59,19.66,73.84,2,195,66.2,Valid
1897,ESP32-FARM-01,Ideal_Growth_Field,21-03-2026 00:00,53.09,6.65,22.14,20.85,77.33,4,190.89,66.54,Valid
1898,ESP32-FARM-01,Ideal_Growth_Field,21-03-2026 01:00,53.09,6.6,22.9,20.37,77.06,16,195.63,67.76,Valid
1899,ESP32-FARM-01,Ideal_Growth_Field,21-03-2026 02:00,53.18,6.62,22.23,20.16,75.76,10,196.46,69.59,Valid
1900,ESP32-FARM-01,Ideal_Growth_Field,21-03-2026 03:00,54.3,6.59,21.87,19.29,75.65,8,193.41,68.03,Valid
1901,ESP32-FARM-01,Ideal_Growth_Field,21-03-2026 04:00,54.91,6.68,21.56,20.07,76.84,18,194.41,68.08,Valid
1902,ESP32-FARM-01,Ideal_Growth_Field,21-03-2026 05:00,52.3,6.58,22.38,23.54,74.86,150,200.23,69.18,Valid
1903,ESP32-FARM-01,Ideal_Growth_Field,21-03-2026 06:00,54.59,6.71,23.36,25.5,70.11,845,198.78,68.25,Valid
1904,ESP32-FARM-01,Ideal_Growth_Field,21-03-2026 07:00,54.08,6.61,24.25,27.85,66.45,1648,207.56,67.2,Valid
1905,ESP32-FARM-01,Ideal_Growth_Field,21-03-2026 08:00,53.27,6.62,26.19,29.13,64.02,2369,211.42,69.21,Valid
1906,ESP32-FARM-01,Ideal_Growth_Field,21-03-2026 09:00,54.99,6.6,26.69,29.22,60.59,2970,214.79,68.95,Valid
1907,ESP32-FARM-01,Ideal_Growth_Field,21-03-2026 10:00,54.93,6.73,27.63,31.01,60.56,3423,221.1,69.91,Valid
1908,ESP32-FARM-01,Ideal_Growth_Field,21-03-2026 11:00,55.72,6.66,27.37,31.5,56.74,3704,214.87,67.85,Valid
1909,ESP32-FARM-01,Ideal_Growth_Field,21-03-2026 12:00,55.06,6.67,28.48,32.23,57.45,3800,219.24,68.12,Valid
1910,ESP32-FARM-01,Ideal_Growth_Field,21-03-2026 13:00,56.28,6.66,27.47,31.86,57.33,3704,215.22,65.98,Valid
1911,ESP32-FARM-01,Ideal_Growth_Field,21-03-2026 14:00,55.49,6.69,27.46,31.24,60.81,3423,213.14,67.65,Valid
1912,ESP32-FARM-01,Ideal_Growth_Field,21-03-2026 15:00,56.15,6.66,26.72,30.17,61.88,2970,214.5,69.54,Valid
1913,ESP32-FARM-01,Ideal_Growth_Field,21-03-2026 16:00,54.29,6.62,25.73,28.61,63.58,2369,210.89,67.32,Valid
1914,ESP32-FARM-01,Ideal_Growth_Field,21-03-2026 17:00,55.96,6.62,24.49,26.82,66.28,1648,204.4,68.64,Valid
1915,ESP32-FARM-01,Ideal_Growth_Field,21-03-2026 18:00,54.98,6.69,23.69,24.71,71.71,845,200.86,69.62,Valid
1916,ESP32-FARM-01,Ideal_Growth_Field,21-03-2026 19:00,54.13,6.66,21.94,23.95,76.49,150,196.68,71.35,Valid
1917,ESP32-FARM-01,Ideal_Growth_Field,21-03-2026 20:00,53.63,6.64,22.32,20.43,75.02,6,197.45,67.12,Valid
1918,ESP32-FARM-01,Ideal_Growth_Field,21-03-2026 21:00,53.34,6.64,21.77,19.59,75.63,17,196.54,64.8,Valid
1919,ESP32-FARM-01,Ideal_Growth_Field,21-03-2026 22:00,53.02,6.69,21.96,20.13,75.69,11,191.83,67.84,Valid
1920,ESP32-FARM-01,Ideal_Growth_Field,21-03-2026 23:00,54.35,6.7,21.92,20.12,74.95,13,193.56,68.35,Valid
1921,ESP32-FARM-01,Ideal_Growth_Field,22-03-2026 00:00,52.21,6.65,21.83,19.79,74.36,8,193.59,67.19,Valid
1922,ESP32-FARM-01,Ideal_Growth_Field,22-03-2026 01:00,51.96,6.68,21.75,20.29,74.14,4,191.23,67.92,Valid
1923,ESP32-FARM-01,Ideal_Growth_Field,22-03-2026 02:00,53.55,6.67,21.79,20.33,78.72,7,193.78,66.95,Valid
1924,ESP32-FARM-01,Ideal_Growth_Field,22-03-2026 03:00,53.66,6.65,22.31,19.79,74.63,19,197.12,69.62,Valid
1925,ESP32-FARM-01,Ideal_Growth_Field,22-03-2026 04:00,53.46,6.64,22.2,20.34,74.95,6,196.26,70.42,Valid
1926,ESP32-FARM-01,Ideal_Growth_Field,22-03-2026 05:00,53.16,6.66,22.45,24.11,74.23,150,199.18,67.45,Valid
1927,ESP32-FARM-01,Ideal_Growth_Field,22-03-2026 06:00,54.85,6.58,23.53,24.73,69.14,845,196.25,66.95,Valid
1928,ESP32-FARM-01,Ideal_Growth_Field,22-03-2026 07:00,54.38,6.68,24.38,26.78,68.18,1648,205.06,66,Valid
1929,ESP32-FARM-01,Ideal_Growth_Field,22-03-2026 08:00,54.9,6.68,25.61,28.69,63.99,2369,214.48,66.43,Valid
1930,ESP32-FARM-01,Ideal_Growth_Field,22-03-2026 09:00,56.16,6.75,26.35,29.87,62.72,2970,211.89,68.98,Valid
1931,ESP32-FARM-01,Ideal_Growth_Field,22-03-2026 10:00,55.94,6.66,27.2,31.41,57.89,3423,219.67,67.61,Valid
1932,ESP32-FARM-01,Ideal_Growth_Field,22-03-2026 11:00,54.41,6.73,28.06,32.02,57.69,3704,221.2,67.84,Valid
1933,ESP32-FARM-01,Ideal_Growth_Field,22-03-2026 12:00,56.01,6.64,27.74,31.67,56.25,3800,216.02,68.34,Valid
1934,ESP32-FARM-01,Ideal_Growth_Field,22-03-2026 13:00,55.51,6.7,27.7,32.46,57.07,3704,216.76,68.5,Valid
1935,ESP32-FARM-01,Ideal_Growth_Field,22-03-2026 14:00,54.21,6.65,26.91,31.34,57.3,3423,213.38,67.79,Valid
1936,ESP32-FARM-01,Ideal_Growth_Field,22-03-2026 15:00,54.54,6.62,27.24,29.35,61.24,2970,208.7,67.05,Valid
1937,ESP32-FARM-01,Ideal_Growth_Field,22-03-2026 16:00,54.24,6.65,25.76,28.53,61.74,2369,205.35,68.72,Valid
1938,ESP32-FARM-01,Ideal_Growth_Field,22-03-2026 17:00,54.98,6.72,24.53,26.7,66.01,1648,198.74,71.97,Valid
1939,ESP32-FARM-01,Ideal_Growth_Field,22-03-2026 18:00,55.06,6.59,23.62,25.01,71.21,845,202.14,70.34,Valid
1940,ESP32-FARM-01,Ideal_Growth_Field,22-03-2026 19:00,55.37,6.6,22.6,22.87,75.69,150,199.77,64.4,Valid
1941,ESP32-FARM-01,Ideal_Growth_Field,22-03-2026 20:00,53.6,6.6,22.29,19.83,75.53,2,190.58,67.92,Valid
1942,ESP32-FARM-01,Ideal_Growth_Field,22-03-2026 21:00,55.87,6.63,22.14,19.85,74.97,12,189.22,68.38,Valid
1943,ESP32-FARM-01,Ideal_Growth_Field,22-03-2026 22:00,55.17,6.67,21.83,19.88,74.29,0,195.96,69.11,Valid
1944,ESP32-FARM-01,Ideal_Growth_Field,22-03-2026 23:00,52.29,6.64,21.88,20.62,74.8,10,193.93,66.92,Valid
1945,ESP32-FARM-01,Ideal_Growth_Field,23-03-2026 00:00,52.46,6.57,22.18,20.6,75.34,12,194.64,67.65,Valid
1946,ESP32-FARM-01,Ideal_Growth_Field,23-03-2026 01:00,52.35,6.7,22.36,20.01,76.26,0,195.63,68.44,Valid
1947,ESP32-FARM-01,Ideal_Growth_Field,23-03-2026 02:00,54.42,6.61,22.42,20.59,72.66,13,199.67,66.96,Valid
1948,ESP32-FARM-01,Ideal_Growth_Field,23-03-2026 03:00,54.25,6.68,21.95,20.38,76.62,1,199.38,66.63,Valid
1949,ESP32-FARM-01,Ideal_Growth_Field,23-03-2026 04:00,52.46,6.7,22.36,19.77,75.24,23,189.3,66.18,Valid
1950,ESP32-FARM-01,Ideal_Growth_Field,23-03-2026 05:00,53.68,6.65,22.06,22.64,75.22,150,197.75,69.65,Valid
1951,ESP32-FARM-01,Ideal_Growth_Field,23-03-2026 06:00,55.9,6.67,23.3,25.49,71.6,845,200.39,67.34,Valid
1952,ESP32-FARM-01,Ideal_Growth_Field,23-03-2026 07:00,54.38,6.67,24.87,26.89,67.91,1648,207.09,67.32,Valid
1953,ESP32-FARM-01,Ideal_Growth_Field,23-03-2026 08:00,53.85,6.66,26.05,28.6,63.13,2369,214.67,68.08,Valid
1954,ESP32-FARM-01,Ideal_Growth_Field,23-03-2026 09:00,56.15,6.7,27.26,30.75,60.27,2970,209.76,69.64,Valid
1955,ESP32-FARM-01,Ideal_Growth_Field,23-03-2026 10:00,55.68,6.64,27.29,30.75,57.52,3423,218.91,71.46,Valid
1956,ESP32-FARM-01,Ideal_Growth_Field,23-03-2026 11:00,52.99,6.6,27.97,32.06,56.51,3704,216.81,66.76,Valid
1957,ESP32-FARM-01,Ideal_Growth_Field,23-03-2026 12:00,55.82,6.67,27.98,32.37,55.92,3800,219.61,68.23,Valid
1958,ESP32-FARM-01,Ideal_Growth_Field,23-03-2026 13:00,54.35,6.7,27.78,32.25,57.51,3704,219.19,67.33,Valid
1959,ESP32-FARM-01,Ideal_Growth_Field,23-03-2026 14:00,55.34,6.7,27.06,31.8,60.8,3423,216.97,66.69,Valid
1960,ESP32-FARM-01,Ideal_Growth_Field,23-03-2026 15:00,55.08,6.66,26.74,29.72,60.48,2970,215.55,69.52,Valid
1961,ESP32-FARM-01,Ideal_Growth_Field,23-03-2026 16:00,54.24,6.58,25.85,28.85,65.26,2369,209.66,70.27,Valid
1962,ESP32-FARM-01,Ideal_Growth_Field,23-03-2026 17:00,55.81,6.65,24.41,26.98,69.02,1648,204.27,66.93,Valid
1963,ESP32-FARM-01,Ideal_Growth_Field,23-03-2026 18:00,55.01,6.67,23.47,24.49,72.78,845,204.55,68.76,Valid
1964,ESP32-FARM-01,Ideal_Growth_Field,23-03-2026 19:00,54.18,6.62,22.67,23.39,74.66,150,197.66,68.79,Valid
1965,ESP32-FARM-01,Ideal_Growth_Field,23-03-2026 20:00,55.31,6.66,21.93,19.41,75.98,21,197.93,70.29,Valid
1966,ESP32-FARM-01,Ideal_Growth_Field,23-03-2026 21:00,55.15,6.71,21.72,20.35,75.05,11,195.32,66.42,Valid
1967,ESP32-FARM-01,Ideal_Growth_Field,23-03-2026 22:00,53.52,6.67,21.86,19.81,73.5,18,196.12,68.04,Valid
1968,ESP32-FARM-01,Ideal_Growth_Field,23-03-2026 23:00,52.54,6.66,21.82,20.19,74.27,3,198.47,69.26,Valid
1969,ESP32-FARM-01,Ideal_Growth_Field,24-03-2026 00:00,52.67,6.55,22.09,20.05,77.09,12,190.19,68.48,Valid
1970,ESP32-FARM-01,Ideal_Growth_Field,24-03-2026 01:00,52.36,6.71,22.51,20.81,75.45,2,201.94,68.05,Valid
1971,ESP32-FARM-01,Ideal_Growth_Field,24-03-2026 02:00,54.58,6.6,21.99,20,76.56,3,199.79,69.36,Valid
1972,ESP32-FARM-01,Ideal_Growth_Field,24-03-2026 03:00,54.9,6.58,22.4,20.16,71.97,23,193.98,67.14,Valid
1973,ESP32-FARM-01,Ideal_Growth_Field,24-03-2026 04:00,54.09,6.67,22.1,20.37,75.65,9,192.4,68,Valid
1974,ESP32-FARM-01,Ideal_Growth_Field,24-03-2026 05:00,54.36,6.54,22.11,23.14,71.44,150,190.31,65.11,Valid
1975,ESP32-FARM-01,Ideal_Growth_Field,24-03-2026 06:00,53.93,6.67,23.65,24.74,70.05,845,203.18,68.81,Valid
1976,ESP32-FARM-01,Ideal_Growth_Field,24-03-2026 07:00,55.53,6.64,24.81,26.95,67.5,1648,201.71,67.21,Valid
1977,ESP32-FARM-01,Ideal_Growth_Field,24-03-2026 08:00,53.23,6.65,25.97,28.61,63.53,2369,213.58,67.05,Valid
1978,ESP32-FARM-01,Ideal_Growth_Field,24-03-2026 09:00,54.34,6.63,26.54,30.04,62.5,2970,217.42,69.15,Valid
1979,ESP32-FARM-01,Ideal_Growth_Field,24-03-2026 10:00,55.88,6.64,27.46,31.28,58.38,3423,219.02,67.63,Valid
1980,ESP32-FARM-01,Ideal_Growth_Field,24-03-2026 11:00,55.92,6.57,28.55,31.56,57.16,3704,223.69,67.62,Valid
1981,ESP32-FARM-01,Ideal_Growth_Field,24-03-2026 12:00,55.66,6.67,27.69,31.77,55,3800,218.5,68.17,Valid
1982,ESP32-FARM-01,Ideal_Growth_Field,24-03-2026 13:00,56.1,6.6,27.73,31.1,57.95,3704,221.87,70.89,Valid
1983,ESP32-FARM-01,Ideal_Growth_Field,24-03-2026 14:00,55.36,6.66,27.66,30.74,58.37,3423,211.07,68.68,Valid
1984,ESP32-FARM-01,Ideal_Growth_Field,24-03-2026 15:00,55.28,6.71,27.09,29.43,60.4,2970,216.56,65.55,Valid
1985,ESP32-FARM-01,Ideal_Growth_Field,24-03-2026 16:00,53.89,6.66,25.68,29.15,63.9,2369,207.59,66.7,Valid
1986,ESP32-FARM-01,Ideal_Growth_Field,24-03-2026 17:00,54.69,6.67,24.44,27.02,67.1,1648,204.03,70.8,Valid
1987,ESP32-FARM-01,Ideal_Growth_Field,24-03-2026 18:00,54.96,6.71,22.81,25.78,72.85,845,204.11,69.45,Valid
1988,ESP32-FARM-01,Ideal_Growth_Field,24-03-2026 19:00,54.01,6.59,22.83,23.55,73.6,150,195.34,68.97,Valid
1989,ESP32-FARM-01,Ideal_Growth_Field,24-03-2026 20:00,55.11,6.59,22.33,19.5,74.76,5,199.44,68.78,Valid
1990,ESP32-FARM-01,Ideal_Growth_Field,24-03-2026 21:00,54.96,6.73,22.1,19.42,75.1,18,200.65,67.35,Valid
1991,ESP32-FARM-01,Ideal_Growth_Field,24-03-2026 22:00,53.93,6.62,22.78,20,73.69,11,192.32,68.72,Valid
1992,ESP32-FARM-01,Ideal_Growth_Field,24-03-2026 23:00,52.99,6.68,22.16,19.31,76.11,12,196.98,68.14,Valid
1993,ESP32-FARM-01,Ideal_Growth_Field,25-03-2026 00:00,50.97,6.65,22.5,20.11,75.88,16,193.6,68.5,Valid
1994,ESP32-FARM-01,Ideal_Growth_Field,25-03-2026 01:00,52.99,6.66,21.93,19.36,71.63,22,195.19,67.9,Valid
1995,ESP32-FARM-01,Ideal_Growth_Field,25-03-2026 02:00,51.36,6.67,22.71,19.86,75.69,15,196.67,68.74,Valid
1996,ESP32-FARM-01,Ideal_Growth_Field,25-03-2026 03:00,54.12,6.69,22.2,19.66,72.91,14,200.78,68.13,Valid
1997,ESP32-FARM-01,Ideal_Growth_Field,25-03-2026 04:00,53.85,6.69,22.37,19.69,75.12,13,198.95,69.58,Valid
1998,ESP32-FARM-01,Ideal_Growth_Field,25-03-2026 05:00,53.71,6.63,22.09,22.94,74.25,150,193.58,67.35,Valid
1999,ESP32-FARM-01,Ideal_Growth_Field,25-03-2026 06:00,54.92,6.65,23.59,24.96,72.64,845,193.55,68.66,Valid
2000,ESP32-FARM-01,Ideal_Growth_Field,25-03-2026 07:00,55.42,6.66,24.72,26.05,65.59,1648,204.8,68.8,Valid
2001,ESP32-FARM-01,Ideal_Growth_Field,25-03-2026 08:00,55.43,6.69,26.01,27.84,65.98,2369,205.74,66.16,Valid
2002,ESP32-FARM-01,Ideal_Growth_Field,25-03-2026 09:00,54.98,6.67,26.94,29.62,62.44,2970,212.77,67.59,Valid
2003,ESP32-FARM-01,Ideal_Growth_Field,25-03-2026 10:00,54.4,6.63,27.71,31.19,58.45,3423,216.47,65.48,Valid
2004,ESP32-FARM-01,Ideal_Growth_Field,25-03-2026 11:00,53,6.62,27.7,32.1,57.05,3704,219.94,67.98,Valid
2005,ESP32-FARM-01,Ideal_Growth_Field,25-03-2026 12:00,55.63,6.68,27.66,32.77,58.1,3800,225.25,65.27,Valid
2006,ESP32-FARM-01,Ideal_Growth_Field,25-03-2026 13:00,55.76,6.64,28.16,31.76,55,3704,217.39,67.25,Valid
2007,ESP32-FARM-01,Ideal_Growth_Field,25-03-2026 14:00,54.55,6.67,27.49,31.43,58.77,3423,219.84,69.2,Valid
2008,ESP32-FARM-01,Ideal_Growth_Field,25-03-2026 15:00,54.53,6.6,26.84,29.81,58.68,2970,209.23,68.3,Valid
2009,ESP32-FARM-01,Ideal_Growth_Field,25-03-2026 16:00,55.73,6.59,25.45,28.77,62.98,2369,213.79,69.12,Valid
2010,ESP32-FARM-01,Ideal_Growth_Field,25-03-2026 17:00,56.48,6.65,24.43,26.84,68.41,1648,205.6,68.59,Valid
2011,ESP32-FARM-01,Ideal_Growth_Field,25-03-2026 18:00,54.64,6.68,23.22,24.87,72.34,845,204.43,69.79,Valid
2012,ESP32-FARM-01,Ideal_Growth_Field,25-03-2026 19:00,53.53,6.66,22.33,23.34,74.52,150,194.14,68.61,Valid
2013,ESP32-FARM-01,Ideal_Growth_Field,25-03-2026 20:00,54.44,6.64,21.76,20.07,74.68,21,193.83,68.97,Valid
2014,ESP32-FARM-01,Ideal_Growth_Field,25-03-2026 21:00,52.98,6.66,21.68,19.33,74.6,22,196.07,68.22,Valid
2015,ESP32-FARM-01,Ideal_Growth_Field,25-03-2026 22:00,54.35,6.63,22.09,19.89,77.21,11,195.57,66.63,Valid
2016,ESP32-FARM-01,Ideal_Growth_Field,25-03-2026 23:00,52.33,6.62,22.19,20.49,75.01,18,194.73,66.3,Valid
2017,ESP32-FARM-01,Ideal_Growth_Field,26-03-2026 00:00,53.29,6.6,22.3,20.19,77.46,19,192.48,65.68,Valid
2018,ESP32-FARM-01,Ideal_Growth_Field,26-03-2026 01:00,52.01,6.75,21.89,20.28,73.48,4,195.82,68.22,Valid
2019,ESP32-FARM-01,Ideal_Growth_Field,26-03-2026 02:00,52.92,6.64,21.89,20.45,74.49,2,192.9,68.96,Valid
2020,ESP32-FARM-01,Ideal_Growth_Field,26-03-2026 03:00,54.83,6.66,22.16,20.58,75.82,12,196.27,68.48,Valid
2021,ESP32-FARM-01,Ideal_Growth_Field,26-03-2026 04:00,52.92,6.58,21.53,20.41,74.3,3,196.36,69.46,Valid
2022,ESP32-FARM-01,Ideal_Growth_Field,26-03-2026 05:00,53.72,6.69,22.2,23.63,75.45,150,195.94,69.33,Valid
2023,ESP32-FARM-01,Ideal_Growth_Field,26-03-2026 06:00,53.42,6.61,23.52,24.5,70.69,845,203.32,69.06,Valid
2024,ESP32-FARM-01,Ideal_Growth_Field,26-03-2026 07:00,55.32,6.67,24.88,27.46,64.6,1648,206.18,64.38,Valid
2025,ESP32-FARM-01,Ideal_Growth_Field,26-03-2026 08:00,54.97,6.62,25.27,28.94,62.49,2369,209.34,69.87,Valid
2026,ESP32-FARM-01,Ideal_Growth_Field,26-03-2026 09:00,54.29,6.69,26.62,30.1,61.02,2970,216.62,67.11,Valid
2027,ESP32-FARM-01,Ideal_Growth_Field,26-03-2026 10:00,55.53,6.61,27.43,30.75,59.01,3423,218.78,66.92,Valid
2028,ESP32-FARM-01,Ideal_Growth_Field,26-03-2026 11:00,54.71,6.73,28.44,31.93,59.59,3704,219.17,67.69,Valid
2029,ESP32-FARM-01,Ideal_Growth_Field,26-03-2026 12:00,54.71,6.65,28.01,31.97,57.81,3800,227.81,65.59,Valid
2030,ESP32-FARM-01,Ideal_Growth_Field,26-03-2026 13:00,53.55,6.68,27.43,31.04,55.28,3704,220.9,69.23,Valid
2031,ESP32-FARM-01,Ideal_Growth_Field,26-03-2026 14:00,54.14,6.63,27.52,31.43,57.83,3423,215.88,69.01,Valid
2032,ESP32-FARM-01,Ideal_Growth_Field,26-03-2026 15:00,55.11,6.64,26.64,29.96,60.85,2970,213.9,65.12,Valid
2033,ESP32-FARM-01,Ideal_Growth_Field,26-03-2026 16:00,55.02,6.61,26.15,27.92,64.07,2369,212.34,70.18,Valid
2034,ESP32-FARM-01,Ideal_Growth_Field,26-03-2026 17:00,54.21,6.71,24.75,26,66.3,1648,201.62,68.43,Valid
2035,ESP32-FARM-01,Ideal_Growth_Field,26-03-2026 18:00,53.49,6.7,22.6,24.46,70.85,845,198.33,67.46,Valid
2036,ESP32-FARM-01,Ideal_Growth_Field,26-03-2026 19:00,54.74,6.68,22.04,23.36,73.64,150,194.29,67.33,Valid
2037,ESP32-FARM-01,Ideal_Growth_Field,26-03-2026 20:00,55.4,6.7,22.03,19.87,74.73,10,194.09,66.85,Valid
2038,ESP32-FARM-01,Ideal_Growth_Field,26-03-2026 21:00,53.58,6.61,21.67,19,74.79,17,194.4,66.47,Valid
2039,ESP32-FARM-01,Ideal_Growth_Field,26-03-2026 22:00,54.3,6.65,22.23,20.79,72.73,1,191.52,68.43,Valid
2040,ESP32-FARM-01,Ideal_Growth_Field,26-03-2026 23:00,54.9,6.62,22.17,20.66,74.02,24,197.5,67.83,Valid
2041,ESP32-FARM-01,Ideal_Growth_Field,27-03-2026 00:00,51.21,6.61,21.67,20.05,73.47,11,192.92,68.39,Valid
2042,ESP32-FARM-01,Ideal_Growth_Field,27-03-2026 01:00,52.79,6.73,22.09,19.38,76.25,2,191.57,67.4,Valid
2043,ESP32-FARM-01,Ideal_Growth_Field,27-03-2026 02:00,54.06,6.68,21.6,19.93,74.47,23,194.71,68.8,Valid
2044,ESP32-FARM-01,Ideal_Growth_Field,27-03-2026 03:00,53.68,6.68,21.89,19.9,75.22,1,192.37,69.34,Valid
2045,ESP32-FARM-01,Ideal_Growth_Field,27-03-2026 04:00,53.26,6.68,21.83,20.68,76.32,21,194.67,67.76,Valid
2046,ESP32-FARM-01,Ideal_Growth_Field,27-03-2026 05:00,53.16,6.67,22.02,23.5,75.79,150,198.36,64.55,Valid
2047,ESP32-FARM-01,Ideal_Growth_Field,27-03-2026 06:00,53.71,6.66,22.77,25.1,71.33,845,198.31,68.06,Valid
2048,ESP32-FARM-01,Ideal_Growth_Field,27-03-2026 07:00,54.69,6.69,24.67,27.14,66.21,1648,204.41,66.48,Valid
2049,ESP32-FARM-01,Ideal_Growth_Field,27-03-2026 08:00,54.42,6.64,25.88,29.08,63.73,2369,206.58,67.79,Valid
2050,ESP32-FARM-01,Ideal_Growth_Field,27-03-2026 09:00,54.27,6.58,26.73,29.8,62,2970,218.19,66.99,Valid
2051,ESP32-FARM-01,Ideal_Growth_Field,27-03-2026 10:00,56.11,6.67,27.34,31.65,57.57,3423,219.81,66.43,Valid
2052,ESP32-FARM-01,Ideal_Growth_Field,27-03-2026 11:00,54.44,6.76,28.46,31.84,57.35,3704,216.98,67.07,Valid
2053,ESP32-FARM-01,Ideal_Growth_Field,27-03-2026 12:00,57.07,6.59,27.62,31.13,57.83,3800,222.48,69.65,Valid
2054,ESP32-FARM-01,Ideal_Growth_Field,27-03-2026 13:00,56.39,6.61,28.16,31.61,56.91,3704,217.03,71.46,Valid
2055,ESP32-FARM-01,Ideal_Growth_Field,27-03-2026 14:00,55.79,6.61,27.34,30.59,60.14,3423,214.3,65,Valid
2056,ESP32-FARM-01,Ideal_Growth_Field,27-03-2026 15:00,54.62,6.6,26.39,30.16,61.89,2970,213.51,67.69,Valid
2057,ESP32-FARM-01,Ideal_Growth_Field,27-03-2026 16:00,55.37,6.58,25.4,28.42,61.99,2369,210.73,66.4,Valid
2058,ESP32-FARM-01,Ideal_Growth_Field,27-03-2026 17:00,53.47,6.66,25.34,27.41,67.84,1648,208.18,71.25,Valid
2059,ESP32-FARM-01,Ideal_Growth_Field,27-03-2026 18:00,55.33,6.62,23.32,24.61,70.06,845,194.96,67.79,Valid
2060,ESP32-FARM-01,Ideal_Growth_Field,27-03-2026 19:00,54.64,6.66,22.64,23.8,74.2,150,194.7,66.29,Valid
2061,ESP32-FARM-01,Ideal_Growth_Field,27-03-2026 20:00,55.33,6.65,22.38,19.84,74.73,20,193.02,67.81,Valid
2062,ESP32-FARM-01,Ideal_Growth_Field,27-03-2026 21:00,54.07,6.61,21.97,19.86,74.78,17,188.81,68.4,Valid
2063,ESP32-FARM-01,Ideal_Growth_Field,27-03-2026 22:00,54.48,6.64,21.71,19.41,75.14,6,192.1,67.66,Valid
2064,ESP32-FARM-01,Ideal_Growth_Field,27-03-2026 23:00,53.49,6.68,22,20.34,73.73,22,194.37,69.03,Valid
2065,ESP32-FARM-01,Ideal_Growth_Field,28-03-2026 00:00,50.88,6.65,22.23,19.86,75.03,2,196.33,69.4,Valid
2066,ESP32-FARM-01,Ideal_Growth_Field,28-03-2026 01:00,52.22,6.7,21.68,19.59,73.23,10,193.83,69.55,Valid
2067,ESP32-FARM-01,Ideal_Growth_Field,28-03-2026 02:00,51.9,6.7,22.19,20.25,72.54,13,195.38,68.62,Valid
2068,ESP32-FARM-01,Ideal_Growth_Field,28-03-2026 03:00,53.51,6.59,22,20.03,75.75,24,198.2,68.49,Valid
2069,ESP32-FARM-01,Ideal_Growth_Field,28-03-2026 04:00,53.07,6.68,22.26,19.84,75.44,8,194.12,69.24,Valid
2070,ESP32-FARM-01,Ideal_Growth_Field,28-03-2026 05:00,54.4,6.7,22.29,24.17,75.98,150,195.3,69.05,Valid
2071,ESP32-FARM-01,Ideal_Growth_Field,28-03-2026 06:00,54.88,6.7,23.45,24.43,70.8,845,199.38,65.2,Valid
2072,ESP32-FARM-01,Ideal_Growth_Field,28-03-2026 07:00,53.6,6.63,24.51,27.59,65.32,1648,208.16,67.38,Valid
2073,ESP32-FARM-01,Ideal_Growth_Field,28-03-2026 08:00,55.12,6.65,25.59,28.39,63.19,2369,208.98,66.74,Valid
2074,ESP32-FARM-01,Ideal_Growth_Field,28-03-2026 09:00,53.5,6.72,26.59,30.31,63.19,2970,212.53,69.2,Valid
2075,ESP32-FARM-01,Ideal_Growth_Field,28-03-2026 10:00,55.64,6.58,27.42,30.65,59.24,3423,220.6,65.81,Valid
2076,ESP32-FARM-01,Ideal_Growth_Field,28-03-2026 11:00,53.89,6.67,28.02,31.68,58.56,3704,218.24,67.81,Valid
2077,ESP32-FARM-01,Ideal_Growth_Field,28-03-2026 12:00,54.85,6.69,27.77,31.53,56.83,3800,217.1,69.75,Valid
2078,ESP32-FARM-01,Ideal_Growth_Field,28-03-2026 13:00,55.49,6.69,28.05,31.74,57.35,3704,216.26,68.18,Valid
2079,ESP32-FARM-01,Ideal_Growth_Field,28-03-2026 14:00,54.2,6.69,27.28,30.93,59.42,3423,213.34,67.79,Valid
2080,ESP32-FARM-01,Ideal_Growth_Field,28-03-2026 15:00,53.56,6.7,27.05,29.48,61.95,2970,221.49,69.94,Valid
2081,ESP32-FARM-01,Ideal_Growth_Field,28-03-2026 16:00,54.52,6.63,25.82,28.16,63.99,2369,205.95,70.56,Valid
2082,ESP32-FARM-01,Ideal_Growth_Field,28-03-2026 17:00,55.45,6.74,24.54,26.33,67.52,1648,208.45,70.42,Valid
2083,ESP32-FARM-01,Ideal_Growth_Field,28-03-2026 18:00,54.94,6.65,23.26,24.98,69.63,845,198.1,66.71,Valid
2084,ESP32-FARM-01,Ideal_Growth_Field,28-03-2026 19:00,55.12,6.71,22.34,23.69,73.61,150,191.23,69.68,Valid
2085,ESP32-FARM-01,Ideal_Growth_Field,28-03-2026 20:00,54.16,6.68,21.99,19.71,75.39,4,198.16,66.85,Valid
2086,ESP32-FARM-01,Ideal_Growth_Field,28-03-2026 21:00,54,6.67,22.63,19.94,75.77,0,200.8,66,Valid
2087,ESP32-FARM-01,Ideal_Growth_Field,28-03-2026 22:00,53.01,6.62,21.95,20.39,74.72,10,189.92,67.93,Valid
2088,ESP32-FARM-01,Ideal_Growth_Field,28-03-2026 23:00,52.3,6.62,21.77,19.78,74.91,9,196.87,66.22,Valid
2089,ESP32-FARM-01,Ideal_Growth_Field,29-03-2026 00:00,50.84,6.6,21.41,19.75,76.14,19,192.45,70.19,Valid
2090,ESP32-FARM-01,Ideal_Growth_Field,29-03-2026 01:00,51.49,6.65,21.7,20.08,76.51,23,195.75,67,Valid
2091,ESP32-FARM-01,Ideal_Growth_Field,29-03-2026 02:00,52.14,6.69,21.79,20.86,74.11,7,197.31,69.78,Valid
2092,ESP32-FARM-01,Ideal_Growth_Field,29-03-2026 03:00,53.9,6.66,22.35,20.19,75.05,20,198.62,67.64,Valid
2093,ESP32-FARM-01,Ideal_Growth_Field,29-03-2026 04:00,54.11,6.65,22.46,19.49,75.55,16,194.93,68.13,Valid
2094,ESP32-FARM-01,Ideal_Growth_Field,29-03-2026 05:00,55.12,6.63,22.72,23.1,75.05,150,195.43,68.05,Valid
2095,ESP32-FARM-01,Ideal_Growth_Field,29-03-2026 06:00,54.11,6.64,22.95,25.23,70.26,845,201.25,68.54,Valid
2096,ESP32-FARM-01,Ideal_Growth_Field,29-03-2026 07:00,54.56,6.62,24.28,26.74,66.39,1648,205.19,70.63,Valid
2097,ESP32-FARM-01,Ideal_Growth_Field,29-03-2026 08:00,54.63,6.61,26.04,29.36,66.47,2369,209.88,68.82,Valid
2098,ESP32-FARM-01,Ideal_Growth_Field,29-03-2026 09:00,54.81,6.63,27.31,29.69,60.93,2970,214.81,65.99,Valid
2099,ESP32-FARM-01,Ideal_Growth_Field,29-03-2026 10:00,53.76,6.67,27.18,31.02,58.57,3423,216.22,71.2,Valid
2100,ESP32-FARM-01,Ideal_Growth_Field,29-03-2026 11:00,53.56,6.7,28.03,32.22,56.81,3704,214.25,67.65,Valid
2101,ESP32-FARM-01,Ideal_Growth_Field,29-03-2026 12:00,54.16,6.64,27.74,32.12,57.86,3800,221.86,71.98,Valid
2102,ESP32-FARM-01,Ideal_Growth_Field,29-03-2026 13:00,55.07,6.73,27.77,32.58,58.15,3704,220.54,65.21,Valid
2103,ESP32-FARM-01,Ideal_Growth_Field,29-03-2026 14:00,54.97,6.64,27.39,31.33,57,3423,215.29,67.19,Valid
2104,ESP32-FARM-01,Ideal_Growth_Field,29-03-2026 15:00,54.5,6.6,26.67,29.55,59.58,2970,214.76,66.15,Valid
2105,ESP32-FARM-01,Ideal_Growth_Field,29-03-2026 16:00,55.34,6.63,25.97,28.6,64.68,2369,212.66,67.5,Valid
2106,ESP32-FARM-01,Ideal_Growth_Field,29-03-2026 17:00,55.01,6.67,24.45,26.89,69.26,1648,206.16,67.37,Valid
2107,ESP32-FARM-01,Ideal_Growth_Field,29-03-2026 18:00,55.2,6.67,23.13,24.89,71.48,845,200.33,70.81,Valid
2108,ESP32-FARM-01,Ideal_Growth_Field,29-03-2026 19:00,54.3,6.63,22.18,22.92,74.35,150,197.28,66.86,Valid
2109,ESP32-FARM-01,Ideal_Growth_Field,29-03-2026 20:00,55.92,6.63,21.91,19.82,75.66,0,194.32,65.96,Valid
2110,ESP32-FARM-01,Ideal_Growth_Field,29-03-2026 21:00,55.02,6.57,22.65,19.81,74.77,15,195.38,70.22,Valid
2111,ESP32-FARM-01,Ideal_Growth_Field,29-03-2026 22:00,54.45,6.69,22.37,19.84,76.24,22,195.85,66.01,Valid
2112,ESP32-FARM-01,Ideal_Growth_Field,29-03-2026 23:00,52.65,6.63,22.17,20.64,73.69,6,195.03,66.66,Valid
2113,ESP32-FARM-01,Ideal_Growth_Field,30-03-2026 00:00,53.54,6.65,22.46,20.16,73.37,3,194.47,68.39,Valid
2114,ESP32-FARM-01,Ideal_Growth_Field,30-03-2026 01:00,52.08,6.61,22.12,20.63,74.8,24,202.23,68.8,Valid
2115,ESP32-FARM-01,Ideal_Growth_Field,30-03-2026 02:00,53.76,6.73,22.09,19.05,73.37,11,195.89,68.7,Valid
2116,ESP32-FARM-01,Ideal_Growth_Field,30-03-2026 03:00,53.96,6.62,22.48,20.25,74.87,9,196.39,68.53,Valid
2117,ESP32-FARM-01,Ideal_Growth_Field,30-03-2026 04:00,53.41,6.62,21.94,19.97,76.88,11,193.02,67.28,Valid
2118,ESP32-FARM-01,Ideal_Growth_Field,30-03-2026 05:00,53.28,6.63,22.44,23.95,73.68,150,195.01,67.24,Valid
2119,ESP32-FARM-01,Ideal_Growth_Field,30-03-2026 06:00,55,6.65,23.12,25.37,70.63,845,200.38,68.97,Valid
2120,ESP32-FARM-01,Ideal_Growth_Field,30-03-2026 07:00,52.75,6.61,23.92,27.11,67.25,1648,211.63,70.22,Valid
2121,ESP32-FARM-01,Ideal_Growth_Field,30-03-2026 08:00,52.66,6.63,26.27,28.2,63.14,2369,210.43,70.3,Valid
2122,ESP32-FARM-01,Ideal_Growth_Field,30-03-2026 09:00,54.42,6.62,26.61,30.02,61.7,2970,214.78,67.03,Valid
2123,ESP32-FARM-01,Ideal_Growth_Field,30-03-2026 10:00,55.05,6.65,27.43,30.81,58.55,3423,213.6,67.34,Valid
2124,ESP32-FARM-01,Ideal_Growth_Field,30-03-2026 11:00,55.72,6.58,28.23,32.2,58.38,3704,217.43,67.1,Valid
2125,ESP32-FARM-01,Ideal_Growth_Field,30-03-2026 12:00,54.07,6.71,28.36,31.67,55,3800,219.76,69.71,Valid
2126,ESP32-FARM-01,Ideal_Growth_Field,30-03-2026 13:00,54.8,6.64,27.85,31.45,58.31,3704,219.19,69.26,Valid
2127,ESP32-FARM-01,Ideal_Growth_Field,30-03-2026 14:00,55.05,6.64,27.35,31.44,58.75,3423,218.16,68.05,Valid
2128,ESP32-FARM-01,Ideal_Growth_Field,30-03-2026 15:00,54.63,6.62,26.72,29.83,62.94,2970,210.34,66.01,Valid
2129,ESP32-FARM-01,Ideal_Growth_Field,30-03-2026 16:00,55.29,6.57,25.95,29.4,64.26,2369,209.21,67.62,Valid
2130,ESP32-FARM-01,Ideal_Growth_Field,30-03-2026 17:00,54.63,6.65,24.49,26.76,65.25,1648,202.74,64.61,Valid
2131,ESP32-FARM-01,Ideal_Growth_Field,30-03-2026 18:00,55.41,6.67,23.28,24.68,70.43,845,202.02,66.36,Valid
2132,ESP32-FARM-01,Ideal_Growth_Field,30-03-2026 19:00,54.45,6.7,22.67,23.42,75.84,150,201.15,68.26,Valid
2133,ESP32-FARM-01,Ideal_Growth_Field,30-03-2026 20:00,55.08,6.61,22.05,20.12,74.63,16,192.54,70.1,Valid
2134,ESP32-FARM-01,Ideal_Growth_Field,30-03-2026 21:00,54.14,6.65,22.47,19.97,74.08,4,195.74,69.28,Valid
2135,ESP32-FARM-01,Ideal_Growth_Field,30-03-2026 22:00,54.68,6.65,22.24,19.8,74.52,3,193.55,68.72,Valid
2136,ESP32-FARM-01,Ideal_Growth_Field,30-03-2026 23:00,53.21,6.69,21.73,19.36,74.89,7,190.46,67.48,Valid
2137,ESP32-FARM-01,Ideal_Growth_Field,31-03-2026 00:00,53.27,6.61,21.98,20.06,75.23,21,196.46,68.41,Valid
2138,ESP32-FARM-01,Ideal_Growth_Field,31-03-2026 01:00,52.74,6.65,22.07,20.66,73.32,13,194.21,68.02,Valid
2139,ESP32-FARM-01,Ideal_Growth_Field,31-03-2026 02:00,53.75,6.68,21.68,20.16,75.82,9,195.39,65.66,Valid
2140,ESP32-FARM-01,Ideal_Growth_Field,31-03-2026 03:00,55.78,6.61,22.08,19.85,75.04,8,195.2,68.41,Valid
2141,ESP32-FARM-01,Ideal_Growth_Field,31-03-2026 04:00,54.28,6.56,21.94,20.45,75.36,15,195.39,68.16,Valid
2142,ESP32-FARM-01,Ideal_Growth_Field,31-03-2026 05:00,54.19,6.68,22.18,22.98,73.65,150,194.87,64.48,Valid
2143,ESP32-FARM-01,Ideal_Growth_Field,31-03-2026 06:00,53.18,6.62,23.07,24.44,71,845,199.71,67.39,Valid
2144,ESP32-FARM-01,Ideal_Growth_Field,31-03-2026 07:00,54.68,6.67,24.52,26.4,68.08,1648,205.36,67.16,Valid
2145,ESP32-FARM-01,Ideal_Growth_Field,31-03-2026 08:00,53.73,6.7,25.91,28.13,61.8,2369,209.65,67.64,Valid
2146,ESP32-FARM-01,Ideal_Growth_Field,31-03-2026 09:00,53.4,6.64,26.89,30.08,61.62,2970,210.6,66.89,Valid
2147,ESP32-FARM-01,Ideal_Growth_Field,31-03-2026 10:00,54.35,6.65,27.69,31.49,57.54,3423,214.42,67.36,Valid
2148,ESP32-FARM-01,Ideal_Growth_Field,31-03-2026 11:00,55.24,6.65,27.94,31.52,55,3704,216.67,69.97,Valid
2149,ESP32-FARM-01,Ideal_Growth_Field,31-03-2026 12:00,56.3,6.67,28.15,31.94,57.39,3800,224.3,69.12,Valid
2150,ESP32-FARM-01,Ideal_Growth_Field,31-03-2026 13:00,54.87,6.69,28.17,31.83,56.61,3704,221.96,64.6,Valid
2151,ESP32-FARM-01,Ideal_Growth_Field,31-03-2026 14:00,55.34,6.65,27.31,31.14,60.05,3423,215.61,66.95,Valid
2152,ESP32-FARM-01,Ideal_Growth_Field,31-03-2026 15:00,54.85,6.57,26.58,30.46,61.81,2970,214.77,68.08,Valid
2153,ESP32-FARM-01,Ideal_Growth_Field,31-03-2026 16:00,53.43,6.66,25.52,29.02,62.58,2369,213.31,68.44,Valid
2154,ESP32-FARM-01,Ideal_Growth_Field,31-03-2026 17:00,54.93,6.66,24.7,26.44,65.72,1648,204.77,68.54,Valid
2155,ESP32-FARM-01,Ideal_Growth_Field,31-03-2026 18:00,54.81,6.65,23.56,25.2,71.16,845,207.41,70.3,Valid
2156,ESP32-FARM-01,Ideal_Growth_Field,31-03-2026 19:00,54.49,6.74,22.57,23.22,73.7,150,199.93,70.32,Valid
2157,ESP32-FARM-01,Ideal_Growth_Field,31-03-2026 20:00,55.41,6.69,22,19.23,74.04,12,194.45,69.3,Valid
2158,ESP32-FARM-01,Ideal_Growth_Field,31-03-2026 21:00,53.6,6.61,21.62,20.15,75.73,12,194.92,67.34,Valid
2159,ESP32-FARM-01,Ideal_Growth_Field,31-03-2026 22:00,53.04,6.69,22.25,20.14,74.42,17,186.46,67.58,Valid
2160,ESP32-FARM-01,Ideal_Growth_Field,31-03-2026 23:00,53.51,6.65,21.85,20.39,74.87,0,197.7,66.48,Valid
